8.728676458471422706e-01,2.849532614921655438e-01,1.254638568091157591e+00,-6.924419235483906254e-01,-1.127082012114992038e+00,-6.717054646183224786e-01,-1.457663404050752731e-01,-3.528768282577753324e-01,0.000000000000000000e+00,1.000000000000000000e+00
-2.493334693212859443e-01,5.918171803695951860e-01,6.361680303200006881e-01,-1.704602323651844553e-01,1.023190666648076397e-01,-2.621324650761119174e-02,-7.937337619212451179e-01,-3.528768282577753324e-01,0.000000000000000000e+00,1.000000000000000000e+00
-7.213180559949970982e-01,1.499331371860950501e-01,6.014224944901601644e-01,1.909117076847273442e-01,4.387867303308453093e-01,-1.645330075313349849e-01,-8.289493826558194112e-01,-3.528768282577753324e-01,0.000000000000000000e+00,1.000000000000000000e+00
-2.328305117452451611e-01,-2.428526789770130423e-01,6.987099948137129868e-01,-3.109937646068169914e-01,-5.297370118106722869e-02,1.121065145161126153e-01,-5.190519201915639869e-01,-3.528768282577753324e-01,0.000000000000000000e+00,1.000000000000000000e+00
-3.120447081100796716e-01,-1.692053384464315136e-01,6.500662446519367421e-01,-4.113748590651259973e-01,5.552563062152514606e-01,8.136878984417411642e-02,-6.246987823952875329e-01,-3.528768282577753324e-01,0.000000000000000000e+00,1.000000000000000000e+00
-7.939310693294592269e-01,-7.583840626910969274e-01,6.431171374859685486e-01,3.515214588180217148e-01,4.129046023565389745e-01,2.196885508678979304e-01,-6.246987823952875329e-01,-3.528768282577753324e-01,2.600000000000000089e-01,1.000000000000000000e+00
-3.087441165948568988e-01,-1.323816681811385565e-01,6.361680303200006881e-01,-6.121370479817439536e-01,5.681973702024137873e-01,1.274753768520819341e-01,-5.542675409261389463e-01,-3.528768282577753324e-01,0.000000000000000000e+00,1.000000000000000000e+00
-2.658364268972534528e-01,-3.165000195075967637e-01,6.431171374859685486e-01,-7.928230180066996313e-01,7.623133300097389986e-01,1.121065145161126153e-01,-5.049656718977344472e-01,-3.528768282577753324e-01,0.000000000000000000e+00,1.000000000000000000e+00
2.688593985653247032e-01,7.759355316960512283e-01,6.222698159880645230e-01,-1.503840134735226763e-01,-7.388500925003232966e-01,9.673765218014344913e-02,-4.627069270162448289e-01,-3.528768282577753324e-01,0.000000000000000000e+00,1.000000000000000000e+00
-2.691370184124762810e-01,-5.006183708340550265e-01,6.361680303200006881e-01,-1.704602323651844553e-01,4.387867303308453093e-01,1.121065145161126153e-01,-3.922756855470961868e-01,-3.528768282577753324e-01,1.100000000000000006e-01,1.000000000000000000e+00
-8.764458572095166211e-01,-8.443059599767753776e-01,5.388805299964477546e-01,2.310641454680509299e-01,7.105490740611263289e-01,2.657951378758059424e-01,-6.106125341014581043e-01,-3.528768282577753324e-01,2.399999999999999911e-01,1.000000000000000000e+00
-2.427322862908403156e-01,-7.461095059359977855e-01,6.778626733158089612e-01,-3.511462023901406049e-01,4.646688583051700738e-01,1.582131015240205996e-01,-2.795856991964578153e-01,-3.528768282577753324e-01,0.000000000000000000e+00,1.000000000000000000e+00
-8.170352099358724196e-01,-6.479130518952201934e-01,5.180332084985437291e-01,-9.015535679853774187e-02,8.140775859583700980e-01,2.965328625477444136e-01,-6.387850306891170726e-01,-3.528768282577753324e-01,2.399999999999999911e-01,1.000000000000000000e+00
-2.922411590188893626e-01,-6.724621654054162567e-01,6.083716016561283579e-01,-3.511462023901406049e-01,7.234901380482703370e-01,6.599992750820479759e-02,-4.063619338409256154e-01,-3.528768282577753324e-01,1.700000000000000122e-01,1.000000000000000000e+00
-2.427322862908403156e-01,-9.793260842828458435e-01,6.292189231540323835e-01,-2.708413268234934335e-01,8.270186499455324247e-01,1.274753768520819341e-01,-3.218444440779475446e-01,-3.528768282577753324e-01,0.000000000000000000e+00,1.000000000000000000e+00
-2.493334693212859443e-01,-7.338349491809008640e-01,5.944733873241923039e-01,-4.314510779567877763e-01,7.623133300097389986e-01,1.274753768520819341e-01,-3.993188096940109011e-01,-3.528768282577753324e-01,0.000000000000000000e+00,1.000000000000000000e+00
-1.734198644716009319e-01,-8.934041869971652838e-01,6.848117804817769327e-01,-5.719846101984202846e-01,5.940794981767201222e-01,1.735819638599899462e-01,-1.809819611396502326e-01,-3.528768282577753324e-01,0.000000000000000000e+00,1.000000000000000000e+00
1.186423839791257651e+00,1.168721347859161375e+00,8.098957094692019743e-01,-1.114042520273287984e+00,-1.670606699575535758e+00,-5.333857035945986924e-01,1.359586254715205444e-01,-3.528768282577753324e-01,0.000000000000000000e+00,1.000000000000000000e+00
2.457552579589115938e-01,6.040917371246921075e-01,7.265064234775853169e-01,-5.318321724150967267e-01,-6.870858365516923083e-01,-6.717054646183224786e-01,-4.716260234826642750e-02,-3.528768282577753324e-01,0.000000000000000000e+00,1.000000000000000000e+00
-3.351488487164928087e-01,-4.760692573238611280e-01,5.944733873241923039e-01,4.920549910596537790e-01,1.023190666648076397e-01,6.599992750820479759e-02,-3.641031889594372184e-01,-3.528768282577753324e-01,7.000000000000000666e-02,1.000000000000000000e+00
-2.856399759884437617e-01,-7.215603924258039426e-01,6.014224944901601644e-01,9.053061322641837994e-02,1.282011946391139745e-01,6.599992750820479759e-02,-3.077581957841180604e-01,-3.528768282577753324e-01,1.900000000000000022e-01,1.000000000000000000e+00
4.272877912949937795e-01,1.671978174818146146e+00,7.404046378095213710e-01,-2.318615653772994278e+00,-8.164964764232607308e-01,-7.178120516262305184e-01,3.031176326779695673e-02,-3.528768282577753324e-01,0.000000000000000000e+00,1.000000000000000000e+00
-3.318482572012700360e-01,-7.706586194461938488e-01,6.500662446519367421e-01,-3.109937646068169914e-01,1.799654505877450739e-01,1.428442391880512807e-01,-1.809819611396502326e-01,-3.528768282577753324e-01,0.000000000000000000e+00,1.000000000000000000e+00
-2.823393844732942082e-01,-7.338349491809008640e-01,6.153207088220963294e-01,-1.905364512568462620e-01,4.776099222923140264e-01,1.889508261959592650e-01,-2.584563267557136168e-01,-3.528768282577753324e-01,0.000000000000000000e+00,1.000000000000000000e+00
-3.846577214444685811e-01,-3.418521414036099215e-02,5.666769586603200848e-01,-5.920608290900820636e-01,2.576118345106641061e-01,4.524478164327470214e-03,-3.711463131063519327e-01,-3.528768282577753324e-01,0.000000000000000000e+00,1.000000000000000000e+00
-2.394316947756174874e-01,-5.251674843442488694e-01,5.944733873241923039e-01,-4.716035157401113342e-01,4.517277943180076916e-01,2.350574132038672492e-01,-3.007150716372032906e-01,-3.528768282577753324e-01,0.000000000000000000e+00,1.000000000000000000e+00
-1.437145408348154685e-01,-2.428526789770130423e-01,5.527787443283839197e-01,-7.007913790687594902e-02,-1.415050921959851160e-02,1.428442391880512807e-01,-3.711463131063519327e-01,-3.528768282577753324e-01,0.000000000000000000e+00,1.000000000000000000e+00
-3.813571299293190831e-01,-6.601876086503193353e-01,5.527787443283839197e-01,-2.306888890401698478e-01,5.034920502666387909e-01,9.673765218014344913e-02,-3.711463131063519327e-01,-3.528768282577753324e-01,0.000000000000000000e+00,1.000000000000000000e+00
-2.262293287148728071e-01,-1.040698868058330451e+00,5.805751729922561388e-01,-2.992670012355236678e-02,6.458437541253512215e-01,1.121065145161126153e-01,-2.936719474902885763e-01,-3.528768282577753324e-01,0.000000000000000000e+00,1.000000000000000000e+00
-1.734198644716009319e-01,-4.024219167932774344e-01,5.597278514943521133e-01,-3.310699834984788259e-01,2.705528984978264884e-01,1.582131015240205996e-01,-3.288875682248622589e-01,-3.528768282577753324e-01,0.000000000000000000e+00,1.000000000000000000e+00
-2.262293287148728071e-01,-9.302278572624560482e-01,6.083716016561283579e-01,-2.909175457151552124e-01,5.552563062152514606e-01,1.735819638599899462e-01,-1.880250852865649747e-01,-3.528768282577753324e-01,1.400000000000000133e-01,1.000000000000000000e+00
-2.955417505340389162e-01,-6.970112789156100996e-01,5.666769586603200848e-01,-6.121370479817439536e-01,8.011365219712077712e-01,9.673765218014344913e-02,-2.866288233433725852e-01,-3.528768282577753324e-01,0.000000000000000000e+00,1.000000000000000000e+00
-2.031251881084596977e-01,-6.847367221605131782e-01,5.527787443283839197e-01,-4.314510779567877763e-01,4.129046023565389745e-01,1.735819638599899462e-01,-2.795856991964578153e-01,-1.714457627947547358e-01,2.200000000000000011e-01,1.000000000000000000e+00
-2.757382014428486072e-01,-1.028424311303233640e+00,5.458296371624160592e-01,-1.303077945818613415e-01,9.564292898170826396e-01,1.582131015240205996e-01,-2.866288233433725852e-01,-3.528768282577753324e-01,5.999999999999999778e-02,1.000000000000000000e+00
-1.767204559868237601e-01,-8.811296302420683624e-01,5.944733873241923039e-01,-2.106126701485080410e-01,3.870224743822326396e-01,1.121065145161126153e-01,-1.457663404050752731e-01,-3.528768282577753324e-01,0.000000000000000000e+00,1.000000000000000000e+00
-8.896482232702612736e-01,-1.446562249362376706e-01,5.319314228304798942e-01,-4.716035157401113342e-01,1.152601306519516061e-01,9.673765218014344913e-02,-2.725425750495431010e-01,-3.528768282577753324e-01,0.000000000000000000e+00,1.000000000000000000e+00
2.391540749285392675e-01,5.918171803695951860e-01,5.875242801582241103e-01,-2.507651079318316545e-01,-1.088258820153523487e+00,1.989334050029679946e-02,-1.246369679643310607e-01,-1.311277482474167977e-01,0.000000000000000000e+00,1.000000000000000000e+00
-1.305121747739974858e-01,-8.197568464665815346e-01,5.527787443283839197e-01,-1.905364512568462620e-01,3.999635383693765922e-01,2.196885508678979304e-01,-1.950682094334797168e-01,-3.528768282577753324e-01,0.000000000000000000e+00,1.000000000000000000e+00
1.242533895549678968e+00,9.846029965327054434e-01,7.890483879712976156e-01,-1.957243713723082701e+00,-1.140023076102154365e+00,-5.948611529384758567e-01,4.317698396419458740e-01,-3.528768282577753324e-01,0.000000000000000000e+00,1.000000000000000000e+00
1.242533895549678968e+00,9.846029965327054434e-01,7.890483879712976156e-01,-1.957243713723082701e+00,-1.140023076102154365e+00,-5.948611529384758567e-01,4.317698396419458740e-01,-3.528768282577753324e-01,0.000000000000000000e+00,1.000000000000000000e+00
-1.437145408348154685e-01,-7.583840626910969274e-01,5.666769586603200848e-01,-6.522894857650670675e-01,4.905509862794764087e-01,2.196885508678979304e-01,-1.316800921112457889e-01,-3.528768282577753324e-01,0.000000000000000000e+00,1.000000000000000000e+00
-2.691370184124762810e-01,-8.565805167318722990e-01,5.110841013325755355e-01,-4.916797346317731687e-01,7.105490740611263289e-01,1.428442391880512807e-01,-2.232407060211386574e-01,-3.528768282577753324e-01,0.000000000000000000e+00,1.000000000000000000e+00
-1.899228220476417150e-01,-2.428526789770130423e-01,4.902367798346715100e-01,-2.306888890401698478e-01,1.411422586262763568e-01,1.428442391880512807e-01,-2.584563267557136168e-01,-3.528768282577753324e-01,0.000000000000000000e+00,1.000000000000000000e+00
1.232632121004083814e+00,3.954242722880400573e-01,8.029466023032337807e-01,-1.455338241431538338e+00,-1.152964140089298484e+00,-5.026479789226599992e-01,5.515029501394989042e-01,-3.528768282577753324e-01,0.000000000000000000e+00,1.000000000000000000e+00
-1.668186814412285779e-01,-8.320314032216784561e-01,5.180332084985437291e-01,-5.117559535234349477e-01,3.870224743822326396e-01,1.889508261959592650e-01,-1.387232162581605310e-01,-3.528768282577753324e-01,2.999999999999999889e-01,1.000000000000000000e+00
2.094487512916805017e-01,1.008349101657073504e-01,5.527787443283839197e-01,-1.905364512568462620e-01,-9.070839243333421731e-01,8.136878984417411642e-02,3.031176326779695673e-02,-3.528768282577753324e-01,0.000000000000000000e+00,1.000000000000000000e+00
1.071304143205061288e-01,-2.674017924872090779e-01,4.763385655027354004e-01,-5.318321724150967267e-01,8.937800267764527129e-02,1.121065145161126153e-01,-8.942134722975611516e-02,-3.528768282577753324e-01,1.600000000000000033e-01,1.000000000000000000e+00
2.741002443451016291e+00,7.145627479205666210e-01,7.056591019796812914e-01,-1.475414460323200005e+00,-1.398844355845273002e+00,-7.331809139621997540e-01,6.078479433148180622e-01,-3.528768282577753324e-01,1.000000000000000056e-01,1.000000000000000000e+00
1.275539810701687315e+00,-2.428526789770130423e-01,7.543028521414575360e-01,-1.314804709189905774e+00,-8.553196683847295034e-01,-5.641234282665372746e-01,7.487104262531153465e-01,-3.528768282577753324e-01,0.000000000000000000e+00,1.000000000000000000e+00
2.028475682613081477e-01,2.113059209615818224e-01,4.624403511707992909e-01,-4.314510779567877763e-01,-7.388500925003232966e-01,1.428442391880512807e-01,-3.307635405443695026e-02,-3.528768282577753324e-01,0.000000000000000000e+00,1.000000000000000000e+00
1.595697187676248241e+00,3.831497155329431359e-01,7.195573163116173454e-01,-1.876938838156435585e+00,-1.165905204076460810e+00,-6.255988776104144389e-01,7.768829228407756471e-01,-3.528768282577753324e-01,1.600000000000000033e-01,1.000000000000000000e+00
2.952641306869606685e-01,-2.551272357321121564e-01,4.485421368388631813e-01,-3.310699834984788259e-01,-3.765003008599609458e-01,1.582131015240205996e-01,1.289155013246058024e-01,-3.528768282577753324e-01,1.100000000000000006e-01,1.000000000000000000e+00
-9.420566810676639369e-02,2.718756963512362554e-02,1.288832072043327170e-01,-5.117559535234349477e-01,2.446707705235201258e-01,8.136878984417411642e-02,5.144113570854117606e-02,-3.528768282577753324e-01,0.000000000000000000e+00,1.000000000000000000e+00
1.511485834035642978e-03,-3.287745762626936852e-01,1.080358857064283723e-01,-3.310699834984788259e-01,2.576118345106641061e-01,8.136878984417411642e-02,7.961363229620138648e-02,-3.528768282577753324e-01,0.000000000000000000e+00,1.000000000000000000e+00
-1.932234135628645433e-01,-2.428526789770130423e-01,8.718856420852434674e-02,-3.109937646068169914e-01,4.258456663437013567e-01,1.989334050029679946e-02,4.439801156162643397e-02,-3.528768282577753324e-01,8.999999999999999667e-02,1.000000000000000000e+00
-2.229287371996500067e-01,-1.175718992364400917e+00,1.769749254884373998e-02,-3.109937646068169914e-01,1.357602273418913708e+00,9.673765218014344913e-02,7.257050814928664439e-02,-3.528768282577753324e-01,2.399999999999999911e-01,1.000000000000000000e+00
-2.051456436621070356e+00,-5.128929275891519479e-01,5.458296371624160592e-01,-6.522894857650670675e-01,4.258456663437013567e-01,1.889508261959592650e-01,-4.274913062816710907e-01,-3.528768282577753324e-01,3.099999999999999978e-01,1.000000000000000000e+00
-4.139620386356780007e-02,-6.601876086503193353e-01,5.527787443283839197e-01,-3.109937646068169914e-01,3.870224743822326396e-01,1.582131015240205996e-01,-3.711463131063519327e-01,-3.528768282577753324e-01,0.000000000000000000e+00,1.000000000000000000e+00
-2.724376099276990537e-01,8.856035341061042898e-02,7.334555306435535105e-01,-5.519083913067585057e-01,4.387867303308453093e-01,1.428442391880512807e-01,-6.528712789829477225e-01,-3.528768282577753324e-01,0.000000000000000000e+00,1.000000000000000000e+00
-2.724376099276990537e-01,-2.191065738526406723e-02,6.778626733158089612e-01,-5.117559535234349477e-01,1.799654505877450739e-01,1.121065145161126153e-01,-4.838362994569903042e-01,-3.528768282577753324e-01,1.100000000000000006e-01,1.000000000000000000e+00
2.259517088677212848e-01,2.358550344717756930e-01,6.500662446519367421e-01,-6.723657046567288464e-01,-1.415050921959851160e-02,-5.487545659305679280e-01,-1.387232162581605310e-01,-3.528768282577753324e-01,0.000000000000000000e+00,1.000000000000000000e+00
4.635942979622248994e-01,4.936207263288175939e-01,6.222698159880645230e-01,-2.507651079318316545e-01,-1.204728396037929583e+00,-5.794922906025066212e-01,-2.021113335803944588e-01,1.038094673625382658e+00,0.000000000000000000e+00,1.000000000000000000e+00
1.107209643426423140e+00,1.253840236759011795e-01,8.168448166351699458e-01,-1.134118739164949874e+00,-1.114140948127829711e+00,-4.104348049068440307e-01,4.106404672012003987e-01,-3.528768282577753324e-01,1.100000000000000006e-01,1.000000000000000000e+00
1.288742176762505354e+00,9.355047695123155371e-01,7.820992808053297551e-01,-1.334880928081567442e+00,-1.683547763562698085e+00,-7.639186386341383361e-01,5.162873294049239448e-01,-3.528768282577753324e-01,0.000000000000000000e+00,1.000000000000000000e+00
1.107209643426423140e+00,8.856035341061042898e-02,7.334555306435535105e-01,-1.093966301381626316e+00,-8.294375404104047389e-01,-4.872791165866906526e-01,4.599423362296048423e-01,-3.528768282577753324e-01,7.000000000000000666e-02,1.000000000000000000e+00
8.662664628167698888e-01,3.463260452676501511e-01,6.292189231540323835e-01,-6.522894857650670675e-01,-8.941428603461981650e-01,-6.255988776104144389e-01,3.120367291443927882e-01,-3.528768282577753324e-01,0.000000000000000000e+00,1.000000000000000000e+00
1.041197813122406446e+00,-4.392455870585681987e-01,6.709135661498407677e-01,-1.154194958056611542e+00,-5.576751966801420934e-01,-4.719102542507213616e-01,6.289773157555622607e-01,-3.528768282577753324e-01,1.700000000000000122e-01,1.000000000000000000e+00
1.041197813122406446e+00,-4.392455870585681987e-01,6.709135661498407677e-01,-1.154194958056611542e+00,-4.282645568085919896e-01,-4.719102542507213616e-01,6.289773157555622607e-01,-3.528768282577753324e-01,1.700000000000000122e-01,1.000000000000000000e+00
1.041197813122406446e+00,-3.533236897728896930e-01,6.222698159880645230e-01,-1.093966301381626316e+00,-5.835573246544484283e-01,-4.104348049068440307e-01,6.078479433148180622e-01,-3.528768282577753324e-01,1.600000000000000033e-01,1.000000000000000000e+00
1.529685357372158494e+00,-1.201071114260416350e-01,6.222698159880645230e-01,-1.254576052514920548e+00,-8.553196683847295034e-01,-5.794922906025066212e-01,8.543572884568390036e-01,-3.528768282577753324e-01,2.999999999999999889e-02,1.000000000000000000e+00
-8.665440826638481919e-01,1.782449185614020770e+00,6.848117804817769327e-01,5.924360855179627849e-01,-1.010612436230585942e+00,-5.180168412586293458e-01,-1.124760596826244630e+00,-3.528768282577753324e-01,1.199999999999999956e-01,2.000000000000000000e+00
3.781799250126673811e-02,2.849532614921655438e-01,8.237939238011381393e-01,-3.511462023901406049e-01,-8.941428603461981650e-01,6.599992750820479759e-02,-4.486206787224153447e-01,-3.528768282577753324e-01,3.200000000000000067e-01,2.000000000000000000e+00
-8.038328438750543814e-01,-3.901473600381804574e-01,6.292189231540323835e-01,1.507592699014037585e-01,5.811384341895577954e-01,2.657951378758059424e-01,-7.937337619212451179e-01,-3.528768282577753324e-01,0.000000000000000000e+00,2.000000000000000000e+00
-6.784103662973935966e-01,-8.328344116075085679e-02,6.153207088220963294e-01,2.511403643597127089e-01,2.834939624849888151e-01,1.735819638599899462e-01,-7.514750170397560547e-01,-3.528768282577753324e-01,0.000000000000000000e+00,2.000000000000000000e+00
-7.939310693294592269e-01,-4.760692573238611280e-01,6.083716016561283579e-01,1.909117076847273442e-01,5.940794981767201222e-01,3.426394495556523978e-01,-7.444318928928406187e-01,-3.528768282577753324e-01,0.000000000000000000e+00,2.000000000000000000e+00
-8.137346184206495359e-01,-4.760692573238611280e-01,6.222698159880645230e-01,1.306830510097419795e-01,6.070205621638825599e-01,2.965328625477444136e-01,-7.021731480113515556e-01,-3.528768282577753324e-01,0.000000000000000000e+00,2.000000000000000000e+00
-6.322020850845674333e-01,3.946212639022055046e-02,6.431171374859685486e-01,1.909117076847273442e-01,-3.376771088984922287e-01,2.504262755398365958e-01,-6.528712789829477225e-01,-3.528768282577753324e-01,0.000000000000000000e+00,2.000000000000000000e+00
-6.916127323582116349e-01,-5.006183708340550265e-01,6.222698159880645230e-01,1.909117076847273442e-01,2.317297065363577435e-01,1.735819638599899462e-01,-6.458281548360330637e-01,-3.528768282577753324e-01,0.000000000000000000e+00,2.000000000000000000e+00
-7.378210135710379092e-01,6.286408506348859504e-01,5.805751729922561388e-01,-3.912986401734641628e-01,2.964350264721328232e-01,-1.952707322032736503e-01,-7.162593963051810952e-01,-3.528768282577753324e-01,1.400000000000000133e-01,2.000000000000000000e+00
-8.137346184206495359e-01,-7.215603924258039426e-01,5.805751729922561388e-01,9.136555877845510265e-01,2.705528984978264884e-01,2.965328625477444136e-01,-6.951300238644367857e-01,-3.528768282577753324e-01,0.000000000000000000e+00,2.000000000000000000e+00
-8.071334353902772651e-01,-6.724621654054162567e-01,5.805751729922561388e-01,1.355332403401110497e+00,1.173161875470783364e-02,2.965328625477444136e-01,-6.951300238644367857e-01,-3.528768282577753324e-01,0.000000000000000000e+00,2.000000000000000000e+00
-8.038328438750543814e-01,-1.937544519566253565e-01,5.319314228304798942e-01,-2.992670012355236678e-02,6.717258820996575563e-01,1.735819638599899462e-01,-7.726043894805002532e-01,-3.528768282577753324e-01,0.000000000000000000e+00,2.000000000000000000e+00
-6.289014935694178243e-01,2.638456124929780457e-03,6.014224944901601644e-01,-3.912986401734641628e-01,2.058475785620514087e-01,2.811640002117752335e-01,-6.035694099545433344e-01,-3.528768282577753324e-01,0.000000000000000000e+00,2.000000000000000000e+00
-8.005322523598316087e-01,-3.901473600381804574e-01,5.805751729922561388e-01,2.109879265763891509e-01,2.834939624849888151e-01,2.811640002117752335e-01,-6.387850306891170726e-01,-3.528768282577753324e-01,8.999999999999999667e-02,2.000000000000000000e+00
-1.411141682672094833e+00,1.033701223553093129e+00,2.817635648556297001e-01,1.275027527834463159e+00,-4.800288127572047148e-01,9.266562183224866800e-01,-1.321968072939861738e+00,-3.528768282577753324e-01,0.000000000000000000e+00,2.000000000000000000e+00
-6.982139153885839056e-01,-5.873432765055701388e-02,6.222698159880645230e-01,9.053061322641837994e-02,8.937800267764527129e-02,-7.231983351551909966e-02,-5.260950443384787567e-01,-3.528768282577753324e-01,0.000000000000000000e+00,2.000000000000000000e+00
-8.830470402398890029e-01,-2.060290087117222779e-01,5.597278514943521133e-01,5.037817544309480117e-02,7.752543939969013254e-01,-1.799018698673043315e-01,-6.528712789829477225e-01,-3.528768282577753324e-01,0.000000000000000000e+00,2.000000000000000000e+00
-6.322020850845674333e-01,-9.636100630167142300e-03,5.597278514943521133e-01,1.507592699014037585e-01,-1.209445232436143864e-03,2.657951378758059424e-01,-6.176556582483728741e-01,-3.528768282577753324e-01,1.000000000000000056e-01,2.000000000000000000e+00
-7.213180559949970982e-01,-4.883438140789580495e-01,5.666769586603200848e-01,7.045439433475660096e-02,3.093760904592952055e-01,1.582131015240205996e-01,-5.894831616607139058e-01,-3.528768282577753324e-01,0.000000000000000000e+00,2.000000000000000000e+00
-6.487050426606081333e-01,-1.052973424813427483e+00,5.527787443283839197e-01,8.534269311095660226e-01,7.493722660225949905e-01,2.043196885319285838e-01,-6.176556582483728741e-01,-3.528768282577753324e-01,8.999999999999999667e-02,2.000000000000000000e+00
1.471385189485361483e-02,-5.865402681197355861e-01,7.334555306435535105e-01,-6.723657046567288464e-01,-4.800288127572047148e-01,2.196885508678979304e-01,2.139266680137999217e-03,-3.528768282577753324e-01,2.200000000000000011e-01,2.000000000000000000e+00
-7.642257456926737635e-01,-6.233639383850263505e-01,5.249823156645117006e-01,1.022573765977121719e-02,5.293741782409451258e-01,-8.768869585148843238e-02,-4.838362994569903042e-01,-3.528768282577753324e-01,0.000000000000000000e+00,2.000000000000000000e+00
-8.203358014510951923e-01,-3.533236897728896930e-01,5.041349941666076750e-01,2.712165832513745434e-01,7.881954579840637631e-01,-6.563366022823531321e-01,-3.993188096940109011e-01,-3.528768282577753324e-01,1.900000000000000022e-01,2.000000000000000000e+00
-8.137346184206495359e-01,-2.060290087117222779e-01,4.554912440048310973e-01,5.037817544309480117e-02,5.811384341895577954e-01,-1.645330075313349849e-01,-5.190519201915639869e-01,-3.528768282577753324e-01,0.000000000000000000e+00,2.000000000000000000e+00
-6.850115493278392531e-01,-8.565805167318722990e-01,4.485421368388631813e-01,9.053061322641837994e-02,8.140775859583700980e-01,2.657951378758059424e-01,-5.049656718977344472e-01,-3.528768282577753324e-01,0.000000000000000000e+00,2.000000000000000000e+00
7.742509068364736291e-02,-5.873432765055701388e-02,5.180332084985437291e-01,-2.992670012355236678e-02,-5.059109407315111051e-01,1.989334050029679946e-02,-2.514132026087988470e-01,-3.528768282577753324e-01,0.000000000000000000e+00,2.000000000000000000e+00
1.471385189485361483e-02,-4.760692573238611280e-01,6.500662446519367421e-01,-7.727467991150377413e-01,-4.023824288342672806e-01,2.196885508678979304e-01,1.218723771776910741e-01,-3.528768282577753324e-01,1.499999999999999944e-01,2.000000000000000000e+00
-3.087441165948568988e-01,-1.482582911241830725e+00,3.929492795111186876e-01,-5.719846101984202846e-01,1.163486313611570067e+00,1.889508261959592650e-01,-4.011947820135168541e-02,-3.528768282577753324e-01,2.399999999999999911e-01,2.000000000000000000e+00
-4.869760584157162842e-01,-9.056787437522622053e-01,1.358323143703006053e-01,5.322074288429773370e-01,7.234901380482703370e-01,3.580083118916217444e-01,-2.936719474902885763e-01,-3.528768282577753324e-01,0.000000000000000000e+00,2.000000000000000000e+00
-8.430389356117123922e-02,-5.497165978544427123e-01,1.914251716980450990e-01,-2.992670012355236678e-02,3.481992824207639226e-01,1.582131015240205996e-01,-1.175938438174163186e-01,-7.065072642640990441e-02,0.000000000000000000e+00,2.000000000000000000e+00
-5.991961699325590862e-01,-8.074822897114846132e-01,1.149849928723965797e-01,-9.850481231890575659e-03,8.011365219712077712e-01,1.121065145161126153e-01,-1.175938438174163186e-01,-1.311277482474167977e-01,2.200000000000000011e-01,2.000000000000000000e+00
-3.516518062924603449e-01,-1.298464559915372352e+00,2.464659971481195436e-02,3.715976777096830497e-01,2.834939624849888151e-01,3.119017248837137601e-01,1.923036186468397024e-01,-3.528768282577753324e-01,0.000000000000000000e+00,2.000000000000000000e+00
-5.459856992438576889e-02,-9.670515275277489220e-01,5.244302837868388550e-02,-1.234499833623258880e+00,1.499953977277626249e+00,-2.260084568752123158e-01,3.261229774382222724e-01,-3.528768282577753324e-01,2.000000000000000111e-01,2.000000000000000000e+00
2.932436751332693881e+00,4.813461695737206725e-01,3.234582078514380843e-01,-1.575795554781508789e+00,-2.692950754560847759e+00,-6.409677399463837855e-01,1.889696538053328156e+00,-3.528768282577753324e-01,0.000000000000000000e+00,2.000000000000000000e+00
1.892750424044322921e+00,5.181698398390114368e-01,1.497305287022367426e-01,-5.519083913067585057e-01,-1.942369043305798293e+00,-6.409677399463837855e-01,1.291030985565561506e+00,-3.528768282577753324e-01,0.000000000000000000e+00,2.000000000000000000e+00
2.107288872532413482e+00,-2.403174667874119486e+00,-1.865510549428498921e+00,8.735031500012273575e-01,-5.964983886416108660e-01,4.809592105793763506e-01,3.016596401559710205e+00,-3.528768282577753324e-01,3.400000000000000244e-01,2.000000000000000000e+00
4.252673357413171651e+00,-3.286942754241115594e+00,-1.865510549428498921e+00,1.315179965617786939e+00,-3.676471617584673002e+00,1.274753768520819341e-01,3.058855146441199935e+00,5.997210462947945686e+00,2.800000000000000266e-01,2.000000000000000000e+00
5.137231883487096695e+00,-1.359837343690857070e+00,-1.865510549428498921e+00,-8.932041124650085262e-01,-3.223534378034229153e+00,-5.794922906025066212e-01,5.094318024899603614e+00,-3.528768282577753324e-01,2.399999999999999911e-01,2.000000000000000000e+00
1.272239219186464432e+00,1.254643245144842156e+00,-1.865510549428498921e+00,-8.932041124650085262e-01,2.467268274187020202e-02,-6.102300152744452033e-01,1.805179048290348920e+00,-3.528768282577753324e-01,8.000000000000000167e-02,2.000000000000000000e+00
-6.119975295475810900e-02,3.831497155329431359e-01,-1.865510549428498921e+00,-1.776557743698126579e+00,2.328182072455594831e+00,-7.639186386341383361e-01,1.431893468503860012e+00,-3.528768282577753324e-01,0.000000000000000000e+00,2.000000000000000000e+00
2.731100668905421358e+00,-2.673214916486255976e+00,-1.865510549428498921e+00,-1.354957146973229332e+00,7.234901380482703370e-01,-7.639186386341383361e-01,4.030806278715454383e+00,-3.528768282577753324e-01,0.000000000000000000e+00,2.000000000000000000e+00
2.978645032545519822e+00,-2.930980608343298321e+00,-1.865510549428498921e+00,-1.395109584756552890e+00,5.552563062152514606e-01,-7.639186386341383361e-01,4.228013754829071935e+00,-3.528768282577753324e-01,0.000000000000000000e+00,2.000000000000000000e+00
3.104067510123180718e+00,-9.425024140175529697e-01,-1.865510549428498921e+00,-1.555719335889847121e+00,-8.164964764232607308e-01,-6.717054646183224786e-01,3.833598802601837718e+00,-3.528768282577753324e-01,0.000000000000000000e+00,2.000000000000000000e+00
1.830440191701178387e-01,6.401123990041657219e-02,7.959974951372659202e-01,-3.712224212818023839e-01,-1.306200851040046629e-01,1.121065145161126153e-01,-5.260950443384787567e-01,-3.528768282577753324e-01,1.400000000000000133e-01,2.000000000000000000e+00
3.451740098604392376e-02,-3.778728032830835359e-01,8.932849954608187426e-01,-5.117559535234349477e-01,-2.729717889627171767e-01,1.582131015240205996e-01,-3.711463131063519327e-01,-3.528768282577753324e-01,0.000000000000000000e+00,2.000000000000000000e+00
3.121680947082111288e-02,2.638456124929780457e-03,8.376921381330741934e-01,-2.306888890401698478e-01,-3.506181728856545554e-01,1.989334050029679946e-02,-4.767931753100755343e-01,-3.528768282577753324e-01,0.000000000000000000e+00,2.000000000000000000e+00
-2.489324628760029856e-02,-2.060290087117222779e-01,8.446412452990421649e-01,-7.007913790687594902e-02,-4.153234928214296628e-01,8.136878984417411642e-02,-4.556638028693300591e-01,-3.528768282577753324e-01,1.000000000000000056e-01,2.000000000000000000e+00
-4.242648196269225291e-01,3.831497155329431359e-01,6.917608876477451263e-01,7.329696177595953488e-01,-7.647322204746297425e-01,2.196885508678979304e-01,-7.585181411866707135e-01,-3.528768282577753324e-01,0.000000000000000000e+00,2.000000000000000000e+00
-5.397855226589881594e-01,-1.323816681811385565e-01,6.639644589838729072e-01,1.708354887930655652e-01,-1.565022130783109977e-01,2.350574132038672492e-01,-6.528712789829477225e-01,-3.528768282577753324e-01,2.899999999999999800e-01,2.000000000000000000e+00
-6.090979444781542407e-01,1.867568074513879794e-01,6.153207088220963294e-01,5.037817544309480117e-02,-2.600307249755547945e-01,2.196885508678979304e-01,-7.021731480113515556e-01,-3.528768282577753324e-01,0.000000000000000000e+00,2.000000000000000000e+00
2.461562644044876930e-02,-1.937544519566253565e-01,7.473537449754893425e-01,-2.507651079318316545e-01,-3.247360449113298464e-01,1.274753768520819341e-01,-3.781894372532667026e-01,-3.528768282577753324e-01,0.000000000000000000e+00,2.000000000000000000e+00
-5.727914378109963955e-01,-5.865402681197355861e-01,5.944733873241923039e-01,3.515214588180217148e-01,3.999635383693765922e-01,2.196885508678979304e-01,-6.528712789829477225e-01,-3.528768282577753324e-01,2.099999999999999922e-01,2.000000000000000000e+00
-4.935772414461618851e-01,-2.183035654668191994e-01,5.944733873241923039e-01,7.045439433475660096e-02,2.446707705235201258e-01,9.673765218014344913e-02,-6.035694099545433344e-01,-3.528768282577753324e-01,0.000000000000000000e+00,2.000000000000000000e+00
-4.275654111421453574e-01,8.856035341061042898e-02,5.527787443283839197e-01,5.322074288429773370e-01,-1.694432770654733800e-01,1.889508261959592650e-01,-6.810437755706066909e-01,-3.528768282577753324e-01,0.000000000000000000e+00,2.000000000000000000e+00
1.123712601002463840e+00,-2.551272357321121564e-01,6.917608876477451263e-01,-5.920608290900820636e-01,1.282011946391139745e-01,6.599992750820479759e-02,-3.077581957841180604e-01,-3.528768282577753324e-01,0.000000000000000000e+00,2.000000000000000000e+00
1.170321888661012832e-01,-5.865402681197355861e-01,6.778626733158089612e-01,2.310641454680509299e-01,-1.823843410526173603e-01,1.274753768520819341e-01,-2.866288233433725852e-01,-3.528768282577753324e-01,1.199999999999999956e-01,2.000000000000000000e+00
-5.595890717501784684e-01,-5.742657113646386646e-01,6.431171374859685486e-01,-3.712224212818023839e-01,1.282011946391139745e-01,9.673765218014344913e-02,-2.514132026087988470e-01,-3.528768282577753324e-01,0.000000000000000000e+00,2.000000000000000000e+00
8.068558155431256873e-01,4.567970560635246646e-01,-2.811141155877827091e-01,-2.992670012355236678e-02,-8.553196683847295034e-01,-1.084438417164186076e-02,6.289773157555622607e-01,-3.528768282577753324e-01,1.700000000000000122e-01,2.000000000000000000e+00
7.639481258455222967e-01,1.744822506962910580e-01,-4.131471517411756667e-01,4.519025532763302211e-01,-6.094394526287548741e-01,5.063106517223545794e-02,4.317698396419458740e-01,1.914163681312865406e-01,1.700000000000000122e-01,2.000000000000000000e+00
6.055197331158531648e-01,7.022881911654696996e-01,-9.273810820228115537e-01,3.715976777096830497e-01,-1.152964140089298484e+00,-1.645330075313349849e-01,1.129039130186520135e+00,-3.528768282577753324e-01,1.799999999999999933e-01,2.000000000000000000e+00
1.123712601002463840e+00,4.199733857982339003e-01,-1.163650725665725361e+00,-1.704602323651844553e-01,-5.964983886416108660e-01,-2.567461815471508979e-01,1.537540330707583669e+00,-3.528768282577753324e-01,0.000000000000000000e+00,2.000000000000000000e+00
2.566071093145379844e+00,3.586006020227470725e-01,-1.865510549428498921e+00,-1.704602323651844553e-01,-1.825899467421410627e+00,-4.719102542507213616e-01,3.157458884498007379e+00,-3.528768282577753324e-01,1.000000000000000056e-01,2.000000000000000000e+00
-7.770271053079889911e-02,2.718756963512362554e-02,9.002341026267866031e-01,-5.318321724150967267e-01,-2.082664690269420971e-01,1.274753768520819341e-01,-5.683537892199683750e-01,-3.528768282577753324e-01,0.000000000000000000e+00,2.000000000000000000e+00
-1.206104002284023313e-01,3.708751587778462144e-01,8.654885667969465235e-01,1.909117076847273442e-01,-1.088258820153523487e+00,6.599992750820479759e-02,-5.260950443384787567e-01,-3.528768282577753324e-01,1.499999999999999944e-01,2.000000000000000000e+00
-8.430389356117123922e-02,-9.555799791584779213e-02,8.098957094692019743e-01,-3.912986401734641628e-01,1.670243866005826916e-01,3.526220283626613217e-02,-5.894831616607139058e-01,-3.528768282577753324e-01,0.000000000000000000e+00,2.000000000000000000e+00
-1.569169068956334234e-01,-2.674017924872090779e-01,8.446412452990421649e-01,-2.909175457151552124e-01,-4.153234928214296628e-01,8.136878984417411642e-02,-3.641031889594372184e-01,-3.528768282577753324e-01,2.800000000000000266e-01,2.000000000000000000e+00
-1.008068511372120224e-01,-5.006183708340550265e-01,7.751501736393615616e-01,-7.325943613317141834e-01,5.423152422280891338e-01,9.673765218014344913e-02,-4.063619338409256154e-01,-3.528768282577753324e-01,1.199999999999999956e-01,2.000000000000000000e+00
-4.143630450813273747e-01,-6.356384951401232719e-01,6.500662446519367421e-01,2.511403643597127089e-01,3.999635383693765922e-01,1.735819638599899462e-01,-5.965262858076285646e-01,-3.528768282577753324e-01,0.000000000000000000e+00,2.000000000000000000e+00
-5.364849311437653867e-01,-7.583840626910969274e-01,5.805751729922561388e-01,1.909117076847273442e-01,9.176060978556138670e-01,2.504262755398365958e-01,-7.444318928928406187e-01,-3.528768282577753324e-01,0.000000000000000000e+00,2.000000000000000000e+00
-5.364849311437653867e-01,-6.601876086503193353e-01,6.083716016561283579e-01,3.916738966013448286e-01,6.329026901381888948e-01,2.350574132038672492e-01,-6.810437755706066909e-01,-3.528768282577753324e-01,0.000000000000000000e+00,2.000000000000000000e+00
-4.836754669005667306e-01,-9.555799791584779213e-02,5.944733873241923039e-01,3.314452399263598803e-01,-1.435611490911486432e-01,2.811640002117752335e-01,-5.965262858076285646e-01,-3.528768282577753324e-01,0.000000000000000000e+00,2.000000000000000000e+00
4.771976704686189952e-02,-2.551272357321121564e-01,6.570153518179047136e-01,-7.526705802233759623e-01,2.317297065363577435e-01,1.121065145161126153e-01,-3.852325614001814169e-01,-1.714457627947547358e-01,1.700000000000000122e-01,2.000000000000000000e+00
-5.760920293261460046e-01,-6.847367221605131782e-01,5.736260658262879453e-01,-9.850481231890575659e-03,4.646688583051700738e-01,2.811640002117752335e-01,-5.120087960446492170e-01,-2.319227846157616013e-01,2.500000000000000000e-01,2.000000000000000000e+00
-4.209642281116997009e-01,-5.006183708340550265e-01,5.458296371624160592e-01,6.928171799762716798e-01,8.937800267764527129e-02,2.504262755398365958e-01,-5.472244167792241765e-01,-3.528768282577753324e-01,0.000000000000000000e+00,2.000000000000000000e+00
-5.826932123565915500e-01,-5.128929275891519479e-01,3.443055293493424429e-01,-4.314510779567877763e-01,4.129046023565389745e-01,1.274753768520819341e-01,-1.035075955235855993e-01,-3.528768282577753324e-01,2.399999999999999911e-01,2.000000000000000000e+00
8.112668864407984390e-03,-6.847367221605131782e-01,6.848117804817769327e-01,-4.113748590651259973e-01,-1.047379571296983142e-01,1.889508261959592650e-01,-1.950682094334797168e-01,-3.528768282577753324e-01,3.499999999999999778e-01,2.000000000000000000e+00
-2.229287371996500067e-01,2.972278182472624652e-01,6.778626733158089612e-01,-6.723657046567288464e-01,1.540833226134203371e-01,-5.948611529384758567e-01,-2.514132026087988470e-01,-3.528768282577753324e-01,0.000000000000000000e+00,3.000000000000000000e+00
-7.477227881166330636e-01,-9.555799791584779213e-02,5.875242801582241103e-01,-2.106126701485080410e-01,2.467268274187020202e-02,9.673765218014344913e-02,-4.415775545755005749e-01,-3.528768282577753324e-01,0.000000000000000000e+00,3.000000000000000000e+00
-5.496872972045833139e-01,-2.060290087117222779e-01,6.153207088220963294e-01,-1.303077945818613415e-01,6.349587470333892258e-02,9.673765218014344913e-02,-3.641031889594372184e-01,-3.528768282577753324e-01,1.000000000000000056e-01,3.000000000000000000e+00
-6.388032681150129788e-01,-1.531681138262218411e+00,5.805751729922561388e-01,-1.905364512568462620e-01,3.093760904592952055e-01,1.121065145161126153e-01,-3.007150716372032906e-01,-3.528768282577753324e-01,0.000000000000000000e+00,3.000000000000000000e+00
-5.661902547805508501e-01,-3.287745762626936852e-01,5.319314228304798942e-01,6.325885233012863429e-01,-2.212075330140860774e-01,1.582131015240205996e-01,-4.063619338409256154e-01,-3.528768282577753324e-01,1.700000000000000122e-01,3.000000000000000000e+00
9.586830252423491627e-01,1.119623120838773689e+00,8.446412452990421649e-01,-1.234499833623258880e+00,-1.489431803755354444e+00,-7.639186386341383361e-01,3.754248464666267160e-01,-3.528768282577753324e-01,0.000000000000000000e+00,3.000000000000000000e+00
-1.899228220476417150e-01,2.849532614921655438e-01,6.709135661498407677e-01,-1.595871773673170679e+00,4.517277943180076916e-01,-6.717054646183224786e-01,-1.899010576060746955e-02,-3.528768282577753324e-01,0.000000000000000000e+00,3.000000000000000000e+00
-7.477227881166330636e-01,1.491301288002670408e-02,4.971858870006394260e-01,-4.515272968484495553e-01,5.055481071617654726e-02,1.428442391880512807e-01,-4.486206787224153447e-01,-3.528768282577753324e-01,0.000000000000000000e+00,3.000000000000000000e+00
-4.704731008397487479e-01,-6.724621654054162567e-01,6.222698159880645230e-01,-2.708413268234934335e-01,-5.297370118106722869e-02,1.735819638599899462e-01,-1.175938438174163186e-01,-3.528768282577753324e-01,0.000000000000000000e+00,3.000000000000000000e+00
-6.289014935694178243e-01,-4.515201438136672851e-01,4.971858870006394260e-01,-3.712224212818023839e-01,4.646688583051700738e-01,3.526220283626613217e-02,-2.654994509026283311e-01,-3.528768282577753324e-01,0.000000000000000000e+00,3.000000000000000000e+00
-5.991961699325590862e-01,2.638456124929780457e-03,4.902367798346715100e-01,-3.310699834984788259e-01,-1.415050921959851160e-02,3.526220283626613217e-02,-2.161975818742239153e-01,-3.528768282577753324e-01,0.000000000000000000e+00,3.000000000000000000e+00
9.388794761511588538e-01,7.636609749409543069e-01,7.473537449754893425e-01,-1.736405305914803243e+00,-1.114140948127829711e+00,-5.948611529384758567e-01,4.881148328172650319e-01,-3.528768282577753324e-01,0.000000000000000000e+00,3.000000000000000000e+00
-1.998245965932368695e-01,1.499331371860950501e-01,5.041349941666076750e-01,1.507592699014037585e-01,-7.906143484489360773e-01,1.274753768520819341e-01,-1.175938438174163186e-01,-3.528768282577753324e-01,0.000000000000000000e+00,3.000000000000000000e+00
-1.338127662892203140e-01,1.131094669208042719e-01,4.693894583367672069e-01,3.715976777096830497e-01,-9.200249883205044998e-01,1.121065145161126153e-01,-1.035075955235855993e-01,-3.528768282577753324e-01,8.999999999999999667e-02,3.000000000000000000e+00
-1.499147174200514236e-02,-9.555799791584779213e-02,4.554912440048310973e-01,1.909117076847273442e-01,-6.612037085773858625e-01,9.673765218014344913e-02,2.326863912088221811e-02,-3.528768282577753324e-01,0.000000000000000000e+00,3.000000000000000000e+00
3.216688628085233037e-01,2.849532614921655438e-01,5.944733873241923039e-01,-1.395109584756552890e+00,-1.209445232436143864e-03,-5.180168412586293458e-01,-4.716260234826642750e-02,-5.049171915274098393e-02,2.399999999999999911e-01,3.000000000000000000e+00
1.235932712519306698e+00,9.600538830225093800e-01,7.612519593074253965e-01,-1.073890082489964426e+00,-1.670606699575535758e+00,-4.104348049068440307e-01,1.289155013246058024e-01,-3.528768282577753324e-01,3.699999999999999956e-01,3.000000000000000000e+00
-1.064579573575971105e+00,7.391118614307604640e-01,-3.149828949060285571e-03,4.125850610450434885e+00,-3.572943105687429011e+00,1.818050233808706784e+00,-2.174186094716563211e+00,4.082104771949395250e+00,0.000000000000000000e+00,5.000000000000000000e+00
2.589576240197295487e-01,-8.320314032216784561e-01,-5.799257237244088703e-01,8.333507122179042437e-01,5.055481071617654726e-02,1.582131015240205996e-01,7.980122952815198456e-01,-3.528768282577753324e-01,0.000000000000000000e+00,5.000000000000000000e+00
1.103909051911200256e+00,-2.268154543568048798e+00,-5.590784022265048447e-01,2.310641454680509299e-01,2.705528984978264884e-01,-4.158210884358052445e-02,1.727704682674285452e+00,-3.528768282577753324e-01,0.000000000000000000e+00,5.000000000000000000e+00
1.037897221607183784e+00,-2.918706051588201067e+00,-6.772132240479616927e-01,2.310641454680509299e-01,1.021134609752857747e+00,1.274753768520819341e-01,1.875610289759497507e+00,-3.528768282577753324e-01,0.000000000000000000e+00,5.000000000000000000e+00
4.371895658405889895e-01,-9.425024140175529697e-01,-1.865510549428498921e+00,4.117501154930066076e-01,1.422307593354688704e+00,-1.799018698673043315e-01,1.812222172437263579e+00,-3.528768282577753324e-01,0.000000000000000000e+00,5.000000000000000000e+00
-5.628896632654012411e-01,-6.724621654054162567e-01,-1.865510549428498921e+00,7.731220555429189067e-01,1.590541425187707691e+00,7.268610079548852854e-01,8.543572884568390036e-01,-3.528768282577753324e-01,0.000000000000000000e+00,5.000000000000000000e+00
5.197043537206462727e-01,-1.692053384464315136e-01,-1.865510549428498921e+00,6.325885233012863429e-01,4.905509862794764087e-01,-4.158210884358052445e-02,1.664316565352051525e+00,-3.528768282577753324e-01,0.000000000000000000e+00,5.000000000000000000e+00
1.757426171921066871e+00,3.946212639022055046e-02,-1.865510549428498921e+00,2.712165832513745434e-01,-5.576751966801420934e-01,-2.721150438831202445e-01,2.312283986868221231e+00,-3.528768282577753324e-01,0.000000000000000000e+00,5.000000000000000000e+00
-1.718096693585764445e+00,-4.760692573238611280e-01,-1.865510549428498921e+00,3.202344541433993719e+00,-2.809420330445235869e+00,8.780144872002805911e+00,-1.406485562702840530e+00,-3.528768282577753324e-01,0.000000000000000000e+00,5.000000000000000000e+00
-1.701593736009797020e+00,-5.006183708340550265e-01,-1.865510549428498921e+00,3.162192103650669939e+00,-2.524716922727810786e+00,8.780144872002805911e+00,-1.427614935143585395e+00,-3.528768282577753324e-01,0.000000000000000000e+00,5.000000000000000000e+00
6.814333379654649026e-01,-3.418521414036099215e-02,-1.865510549428498921e+00,-9.015535679853774187e-02,-5.188520047186734319e-01,-2.567461815471508979e-01,2.495405214688008133e+00,-3.528768282577753324e-01,0.000000000000000000e+00,5.000000000000000000e+00
7.309422106935139496e-01,-6.847367221605131782e-01,-7.467042957076420739e-01,1.455713497859418837e+00,-6.094394526287548741e-01,4.041148988995297286e-01,5.233304535518387146e-01,1.309393463102796196e-01,5.100000000000000089e-01,5.000000000000000000e+00
9.322782931207864721e-01,-5.374420410993457908e-01,-1.636190012951552974e+00,1.306830510097419795e-01,9.564292898170826396e-01,-5.641234282665372746e-01,1.629100944617476676e+00,-3.528768282577753324e-01,2.800000000000000266e-01,5.000000000000000000e+00
2.259517088677212848e-01,7.268373046756635425e-01,-2.046739367621338845e-01,2.310641454680509299e-01,-3.635592368727985635e-01,-7.639186386341383361e-01,4.317698396419458740e-01,-3.528768282577753324e-01,0.000000000000000000e+00,6.000000000000000000e+00
3.315706373541917884e-01,4.690716128186215861e-01,-1.907757224301977472e-01,-5.117559535234349477e-01,1.411422586262763568e-01,-7.639186386341383361e-01,5.726323225802431027e-01,-3.528768282577753324e-01,0.000000000000000000e+00,6.000000000000000000e+00
-2.489324628760029856e-02,1.291466915410135030e+00,-3.089105442516546507e-01,3.515214588180217148e-01,-3.506181728856545554e-01,-7.639186386341383361e-01,2.134329910875839287e-01,-3.528768282577753324e-01,0.000000000000000000e+00,6.000000000000000000e+00
5.102035856208471387e-02,8.373083154715380561e-01,-3.436560800814950634e-01,4.318263343846683866e-01,2.467268274187020202e-02,-7.639186386341383361e-01,2.556917359690736302e-01,-3.528768282577753324e-01,0.000000000000000000e+00,6.000000000000000000e+00
-1.774206749344185985e+00,1.217819574879551281e+00,-6.563659025500574451e-01,1.909117076847273442e-01,2.457592712327144824e+00,-7.639186386341383361e-01,-9.627687414472025917e-01,-3.528768282577753324e-01,0.000000000000000000e+00,6.000000000000000000e+00
1.698416531092998838e-01,1.942018423430285079e+00,-1.323480190482990704e+00,5.924360855179627849e-01,-1.953254050397797148e-01,-7.639186386341383361e-01,6.994085572247109583e-01,-3.528768282577753324e-01,0.000000000000000000e+00,6.000000000000000000e+00
2.622582155349523769e-01,9.109556560021216942e-01,-1.865510549428498921e+00,1.295103746726124605e+00,1.152601306519516061e-01,-7.639186386341383361e-01,1.354419102887796766e+00,-3.528768282577753324e-01,0.000000000000000000e+00,6.000000000000000000e+00
4.371895658405889895e-01,1.414212482961106465e+00,-1.865510549428498921e+00,-1.776557743698126579e+00,1.072898865701488624e+00,-7.639186386341383361e-01,1.593885323882902938e+00,-3.528768282577753324e-01,0.000000000000000000e+00,6.000000000000000000e+00
-2.381515588141226214e+00,4.875637487898511147e+00,-1.865510549428498921e+00,-2.218234559314685495e+00,3.570524215222538711e+00,-7.639186386341383361e-01,-1.624822411257201837e+00,-3.528768282577753324e-01,0.000000000000000000e+00,6.000000000000000000e+00
-2.328706123898027780e+00,3.463260452676501511e-01,3.582037436812785525e-01,7.329696177595953488e-01,2.058475785620514087e-01,1.941001132496461556e+00,-2.484083557180818858e+00,2.046045037308830583e+00,0.000000000000000000e+00,7.000000000000000000e+00
4.812077349258457766e-03,1.119623120838773689e+00,3.998983866770866036e-01,1.556094592317728287e+00,-1.812958403434248300e+00,1.479935262417381825e+00,-2.230531087891882702e+00,2.933041357350264722e+00,0.000000000000000000e+00,7.000000000000000000e+00
1.579194230100207541e+00,3.946212639022055046e-02,4.554912440048310973e-01,-4.314510779567877763e-01,-3.506181728856545554e-01,1.582131015240205996e-01,-8.942134722975611516e-02,-3.528768282577753324e-01,0.000000000000000000e+00,7.000000000000000000e+00
1.354754007066521826e+00,1.782449185614020770e+00,-3.367069729155268698e-01,1.234875090051139601e+00,-3.094123738162660509e+00,4.041148988995297286e-01,5.655891984333284439e-01,-3.528768282577753324e-01,0.000000000000000000e+00,7.000000000000000000e+00
1.744223805860248833e+00,2.923982963838058780e+00,-5.938239380563449243e-01,-2.708413268234934335e-01,-2.874125650381010644e+00,-2.874839062190895356e-01,-2.443700784618841326e-01,3.033836393718609248e+00,0.000000000000000000e+00,7.000000000000000000e+00
-7.378210135710379092e-01,5.795426236144982646e-01,-6.285694738861852260e-01,6.928171799762716798e-01,5.811384341895577954e-01,-7.639186386341383361e-01,-2.021113335803944588e-01,1.179207724541065483e+00,0.000000000000000000e+00,7.000000000000000000e+00
-7.741275202382689180e-01,1.770174628858923738e+00,-1.865510549428498921e+00,1.877314094584316084e+00,8.140775859583700980e-01,-7.639186386341383361e-01,-1.387232162581605310e-01,9.372996372570380208e-01,8.999999999999999667e-02,7.000000000000000000e+00
-7.048150984190295620e-01,9.723284397776063015e-01,-1.865510549428498921e+00,2.700439069142449355e+00,1.047016737727163971e+00,-7.024431892902611718e-01,5.848425985545591121e-02,4.534834626889829856e-01,8.999999999999999667e-02,7.000000000000000000e+00
-3.879583129596914093e-01,1.647429061307952303e+00,-1.865510549428498921e+00,1.114417776701168927e+00,4.776099222923140264e-01,-7.639186386341383361e-01,-3.007150716372032906e-01,2.852405328255589012e+00,8.000000000000000167e-02,7.000000000000000000e+00
-5.067796075069799233e-01,1.414212482961106465e+00,-1.865510549428498921e+00,1.074265338917845369e+00,8.270186499455324247e-01,-7.639186386341383361e-01,-3.077581957841180604e-01,2.812087313708250935e+00,7.000000000000000666e-02,7.000000000000000000e+00
-9.622612366047235133e-01,8.986810992470247728e-01,-1.865510549428498921e+00,2.479600661334170120e+00,9.564292898170826396e-01,-6.409677399463837855e-01,7.961363229620138648e-02,8.768226154360311275e-01,5.000000000000000278e-02,7.000000000000000000e+00
-9.259547299374923934e-01,5.672680668593991227e-01,-1.865510549428498921e+00,2.198533596850904992e+00,7.493722660225949905e-01,-5.487545659305679280e-01,3.190798532913075025e-01,1.280002760909410453e+00,1.000000000000000021e-02,7.000000000000000000e+00
-3.615535808381287741e-01,1.586056277532465586e+00,-1.865510549428498921e+00,1.797009219017668968e+00,8.140775859583700980e-01,-7.639186386341383361e-01,-4.903857466777991440e-03,9.776176518043759867e-01,0.000000000000000000e+00,7.000000000000000000e+00
-1.008469517817549788e+00,1.193270461369357438e+00,-1.865510549428498921e+00,2.439448223550846340e+00,5.811384341895577954e-01,-7.024431892902611718e-01,8.665675644311612857e-02,9.372996372570380208e-01,0.000000000000000000e+00,7.000000000000000000e+00
-7.510233796318558364e-01,1.966567536940478922e+00,-1.865510549428498921e+00,2.138304940175919100e+00,5.164331142537826880e-01,-6.870743269542918252e-01,-8.942134722975611516e-02,7.155505572466794861e-01,0.000000000000000000e+00,7.000000000000000000e+00
-1.084383122667161414e+00,2.138411331511840263e+00,-1.865510549428498921e+00,1.616323248992713291e+00,1.098780993675795070e+00,-7.639186386341383361e-01,-4.345344304285858605e-01,9.171406299833690934e-01,0.000000000000000000e+00,7.000000000000000000e+00
-6.057973529630047427e-01,-1.789446830119260312e+00,-1.865510549428498921e+00,-5.117559535234349477e-01,3.272879743517969509e+00,3.385674192077577693e+00,-1.899010576060746955e-02,-3.528768282577753324e-01,0.000000000000000000e+00,7.000000000000000000e+00
-1.064579573575971105e+00,1.770174628858923738e+00,-1.865510549428498921e+00,1.957618970150963200e+00,1.383484401393220153e+00,-7.639186386341383361e-01,-3.993188096940109011e-01,7.760275790676864904e-01,0.000000000000000000e+00,7.000000000000000000e+00
-5.892943953869639317e-01,1.708801845083439241e+00,-1.865510549428498921e+00,1.094341557809507037e+00,5.940794981767201222e-01,-7.639186386341383361e-01,-4.767931753100755343e-01,3.094313415539616141e+00,0.000000000000000000e+00,7.000000000000000000e+00
-7.246186475102198710e-01,1.892920196409895173e+00,-1.865510549428498921e+00,1.656475686776036849e+00,8.399597139326764328e-01,-7.639186386341383361e-01,-1.739388369927342415e-01,9.977766590780449141e-01,0.000000000000000000e+00,7.000000000000000000e+00
-3.450506232620879632e-01,1.892920196409895173e+00,-1.865510549428498921e+00,7.128933988679334588e-01,4.387867303308453093e-01,-7.639186386341383361e-01,-2.443700784618841326e-01,2.771769299160913302e+00,0.000000000000000000e+00,7.000000000000000000e+00
-6.322020850845674333e-01,1.880645639654798362e+00,-1.865510549428498921e+00,8.534269311095660226e-01,5.940794981767201222e-01,-7.639186386341383361e-01,-2.021113335803944588e-01,2.429066175508540759e+00,0.000000000000000000e+00,7.000000000000000000e+00
-1.829206325715466985e-02,1.205545018124454471e+00,-1.865510549428498921e+00,7.530458366512571278e-01,2.705528984978264884e-01,1.403090950737535314e+00,-1.751598645901670359e+00,5.452917266558883647e+00,0.000000000000000000e+00,7.000000000000000000e+00
-6.487050426606081333e-01,1.180995904614258407e+00,-1.865510549428498921e+00,2.600057974684140571e+00,2.576118345106641061e-01,-7.639186386341383361e-01,3.472523498789664709e-01,7.357095645203485246e-01,0.000000000000000000e+00,7.000000000000000000e+00
-7.048150984190295620e-01,8.986810992470247728e-01,-1.865510549428498921e+00,2.881125039167404811e+00,-5.297370118106722869e-02,-6.409677399463837855e-01,1.570879979122647707e-01,1.783977942751134194e+00,0.000000000000000000e+00,7.000000000000000000e+00
-5.001784244765342669e-01,1.856096526144604519e+00,-1.865510549428498921e+00,1.094341557809507037e+00,5.293741782409451258e-01,-7.639186386341383361e-01,-3.922756855470961868e-01,2.852405328255589012e+00,0.000000000000000000e+00,7.000000000000000000e+00
7.540463512999271423e-01,1.168721347859161375e+00,-1.865510549428498921e+00,1.154570214484492485e+00,9.952524817785513012e-01,-7.639186386341383361e-01,-3.641031889594372184e-01,2.953200364623933538e+00,0.000000000000000000e+00,7.000000000000000000e+00
-6.123985359933770134e-01,1.193270461369357438e+00,-1.865510549428498921e+00,9.939604633511981424e-01,1.241132697534507612e+00,-7.639186386341383361e-01,-3.359306923717769733e-01,2.812087313708250935e+00,0.000000000000000000e+00,7.000000000000000000e+00
-4.143630450813273747e-01,1.009152110042899286e+00,-1.865510549428498921e+00,1.275027527834463159e+00,9.176060978556138670e-01,-7.639186386341383361e-01,-2.373269543149693905e-01,3.013677386444940431e+00,0.000000000000000000e+00,7.000000000000000000e+00
