-3.035861420186845572e-01,-6.750259803415624704e-01,-4.954622067645227945e-01,5.694207845659068568e+00,1.661988730265816727e+00,4.231033341414572213e+00,1.980000000000000000e+02,1.990000000000000000e+02
-6.733295166370459883e-01,1.326290824589153150e+00,1.727049367946321023e+00,1.676294705372725347e-01,4.855089855560599243e-01,5.294787516290146989e-01,2.690000000000000000e+02,2.530000000000000000e+02
-6.733295166370459883e-01,1.326290824589153150e+00,1.727049367946321023e+00,1.676294705372725347e-01,4.855089855560599243e-01,5.294787516290146989e-01,2.200000000000000000e+02,2.530000000000000000e+02
-6.733295166370459883e-01,1.326290824589153150e+00,1.727049367946321023e+00,1.676294705372725347e-01,4.855089855560599243e-01,5.294787516290146989e-01,1.720000000000000000e+02,2.530000000000000000e+02
-6.733295166370459883e-01,1.326290824589153150e+00,3.593499373550325116e-01,1.676294705372725347e-01,4.855089855560599243e-01,-8.744701333524494691e-02,1.320000000000000000e+02,1.320000000000000000e+02
-6.848839970938698229e-01,1.326290824589153150e+00,1.727049367946321023e+00,9.571406669832434044e-01,4.855089855560599243e-01,5.294787516290146989e-01,3.180000000000000000e+02,2.900000000000000000e+02
-6.964384775506936576e-01,3.393766862740718704e+00,1.727049367946321023e+00,9.571406669832434044e-01,1.661988730265816727e+00,5.294787516290146989e-01,3.670000000000000000e+02,3.810000000000000000e+02
-6.964384775506936576e-01,3.393766862740718704e+00,1.727049367946321023e+00,9.571406669832434044e-01,1.661988730265816727e+00,5.294787516290146989e-01,4.890000000000000000e+02,3.810000000000000000e+02
-6.964384775506936576e-01,3.393766862740718704e+00,4.462448229128898269e+00,9.571406669832434044e-01,1.661988730265816727e+00,5.294787516290146989e-01,6.360000000000000000e+02,7.490000000000000000e+02
-6.964384775506936576e-01,7.528718939043851144e+00,4.462448229128898269e+00,2.536163059875184977e+00,4.014948219685330777e+00,1.763330281557533796e+00,1.144000000000000000e+03,1.238000000000000000e+03
7.555745665234967490e-01,-4.827507087934668206e-01,-7.519058500003893419e-01,-6.218817259086982796e-01,-5.439107910649774169e-01,-6.272570576789721075e-01,3.800000000000000000e+01,2.300000000000000000e+01
7.555745665234967490e-01,-6.088667471207123150e-01,-7.091652427944116210e-01,-5.231928263529519452e-01,-5.439107910649774169e-01,-4.730256164379071926e-01,4.000000000000000000e+01,2.400000000000000000e+01
-5.539332185832001043e-01,-2.243162040245210986e-01,-3.244997779406117444e-01,9.818128918721800158e-01,-5.439107910649774169e-01,-3.959098958173747351e-01,9.200000000000000000e+01,7.000000000000000000e+01
-5.924481534392794790e-01,2.925528055133703176e-01,3.593499373550325116e-01,9.818128918721800158e-01,-5.439107910649774169e-01,-3.959098958173747351e-01,1.380000000000000000e+02,1.170000000000000000e+02
5.629998922431002084e-01,-7.246454052572000037e-01,-1.002878695513890861e+00,-6.218817259086982796e-01,-5.439107910649774169e-01,-5.501413370584395945e-01,1.000000000000000000e+01,1.500000000000000000e+01
-1.472413059808963531e-02,-6.088667471207123150e-01,3.593499373550325116e-01,-6.218817259086982796e-01,-1.027308867988185326e-01,5.294787516290146989e-01,3.500000000000000000e+01,6.400000000000000000e+01
-1.418234156231513998e-01,-6.057655330634850177e-01,-8.373870644123448947e-01,-4.245039267972055552e-01,-1.027308867988185326e-01,-1.260048736455111618e-01,1.900000000000000000e+01,2.300000000000000000e+01
-2.342592592777417715e-01,-6.088667471207123150e-01,-5.809434211764783473e-01,-6.218817259086982796e-01,3.384490174673402962e-01,5.294787516290146989e-01,2.800000000000000000e+01,2.900000000000000000e+01
-2.342592592777417715e-01,-4.827507087934668206e-01,-8.373870644123448947e-01,-6.218817259086982796e-01,4.432908128990108165e-02,-8.744701333524494691e-02,3.100000000000000000e+01,2.200000000000000000e+01
-3.613585443028035082e-01,5.509873102823160673e-01,-5.809434211764783473e-01,2.881574208320297092e+00,4.855089855560599243e-01,1.763330281557533796e+00,1.200000000000000000e+02,1.240000000000000000e+02
-2.342592592777417715e-01,-3.535334564089939735e-01,-4.698178424409361620e-01,-6.218817259086982796e-01,4.432908128990108165e-02,5.294787516290146989e-01,3.000000000000000000e+01,3.500000000000000000e+01
-2.342592592777417715e-01,5.996175122131918583e-02,-4.783659638821317062e-01,-6.218817259086982796e-01,4.432908128990108165e-02,6.678442790581995414e-02,3.300000000000000000e+01,3.900000000000000000e+01
-2.342592592777417715e-01,-1.467858525938373904e-01,-4.783659638821317062e-01,-6.218817259086982796e-01,1.913890493786206959e-01,1.763330281557533796e+00,6.100000000000000000e+01,4.000000000000000000e+01
-3.613585443028035082e-01,5.996175122131918583e-02,-4.783659638821317062e-01,-6.218817259086982796e-01,1.913890493786206959e-01,1.763330281557533796e+00,7.600000000000000000e+01,4.500000000000000000e+01
4.474550876748622508e-01,-7.081055969519874926e-01,-4.954622067645227945e-01,-6.218817259086982796e-01,-5.439107910649774169e-01,-2.416784545763098480e-01,2.300000000000000000e+01,2.800000000000000000e+01
4.474550876748622508e-01,-6.088667471207123150e-01,-8.373870644123448947e-01,-5.231928263529519452e-01,-5.439107910649774169e-01,-5.886991973687059065e-01,6.900000000000000000e+01,2.100000000000000000e+01
4.474550876748622508e-01,-6.750259803415624704e-01,-4.954622067645227945e-01,-6.218817259086982796e-01,-5.439107910649774169e-01,-4.730256164379071926e-01,3.300000000000000000e+01,2.800000000000000000e+01
4.474550876748622508e-01,-6.750259803415624704e-01,-7.519058500003893419e-01,-5.231928263529519452e-01,-5.439107910649774169e-01,-5.886991973687059065e-01,2.700000000000000000e+01,2.200000000000000000e+01
4.474550876748622508e-01,-6.088667471207123150e-01,-5.809434211764783473e-01,-5.231928263529519452e-01,-5.439107910649774169e-01,-5.115834767481733936e-01,7.700000000000000000e+01,2.800000000000000000e+01
4.474550876748622508e-01,-6.750259803415624704e-01,-5.809434211764783473e-01,-5.231928263529519452e-01,-5.439107910649774169e-01,-4.730256164379071926e-01,2.700000000000000000e+01,2.700000000000000000e+01
-6.887354905794778048e-01,-4.026360123150936610e-01,-7.843887114769324542e-01,2.610179734541994812e+00,1.073748857910938437e+00,2.210158691468848413e-01,2.740000000000000000e+02,1.020000000000000000e+02
-6.887354905794778048e-01,-4.026360123150936610e-01,-7.843887114769324542e-01,2.610179734541994812e+00,1.073748857910938437e+00,2.210158691468848413e-01,3.680000000000000000e+02,1.020000000000000000e+02
-5.924481534392794790e-01,-6.408681106777476544e-02,-1.125063661989620240e-01,1.182850207593993674e-01,1.073748857910938437e+00,2.210158691468848413e-01,3.200000000000000000e+01,7.400000000000000000e+01
-5.924481534392794790e-01,-6.408681106777476544e-02,-1.125063661989620240e-01,1.182850207593993674e-01,1.073748857910938437e+00,2.210158691468848413e-01,6.300000000000000000e+01,7.400000000000000000e+01
-5.693391925256319208e-01,6.130115914268630117e-01,7.841915729824514569e-01,1.182850207593993674e-01,1.073748857910938437e+00,2.210158691468848413e-01,1.060000000000000000e+02,1.380000000000000000e+02
-5.385272446407683988e-01,6.130115914268630117e-01,7.841915729824514569e-01,1.182850207593993674e-01,1.073748857910938437e+00,2.210158691468848413e-01,2.080000000000000000e+02,1.360000000000000000e+02
-5.924481534392794790e-01,-6.119679611779397232e-01,-8.373870644123448947e-01,-4.245039267972055552e-01,-5.439107910649774169e-01,-5.501413370584395945e-01,2.000000000000000000e+01,2.300000000000000000e+01
-5.924481534392794790e-01,-4.827507087934668206e-01,-6.664246355884339001e-01,-4.245039267972055552e-01,-5.439107910649774169e-01,-5.115834767481733936e-01,2.900000000000000000e+01,2.900000000000000000e+01
-5.924481534392794790e-01,-2.243162040245210986e-01,-3.244997779406117444e-01,-4.245039267972055552e-01,-5.439107910649774169e-01,-5.115834767481733936e-01,7.100000000000000000e+01,4.400000000000000000e+01
-5.924481534392794790e-01,-4.827507087934668206e-01,-6.664246355884339001e-01,-4.245039267972055552e-01,-2.497908548875381329e-01,-5.115834767481733936e-01,2.600000000000000000e+01,3.000000000000000000e+01
-5.924481534392794790e-01,-4.827507087934668206e-01,-3.244997779406117444e-01,-4.245039267972055552e-01,-2.497908548875381329e-01,-5.115834767481733936e-01,3.600000000000000000e+01,4.100000000000000000e+01
-5.924481534392794790e-01,-2.243162040245210986e-01,3.593499373550325116e-01,-4.245039267972055552e-01,-2.497908548875381329e-01,-5.115834767481733936e-01,4.000000000000000000e+01,7.400000000000000000e+01
-5.924481534392794790e-01,-2.243162040245210986e-01,3.593499373550325116e-01,-4.245039267972055552e-01,-2.497908548875381329e-01,-4.730256164379071926e-01,5.200000000000000000e+01,7.400000000000000000e+01
-5.924481534392794790e-01,-2.243162040245210986e-01,3.593499373550325116e-01,-4.245039267972055552e-01,-2.497908548875381329e-01,-4.730256164379071926e-01,6.000000000000000000e+01,7.400000000000000000e+01
-2.727741941338210907e-01,-4.827507087934668206e-01,1.742507970721038010e-02,-3.998317019082689994e-01,-2.497908548875381329e-01,-2.416784545763098480e-01,7.200000000000000000e+01,5.400000000000000000e+01
-2.727741941338210907e-01,-4.827507087934668206e-01,-3.244997779406117444e-01,-3.998317019082689994e-01,-2.497908548875381329e-01,-2.416784545763098480e-01,7.200000000000000000e+01,4.100000000000000000e+01
2.334686895622748892e+00,-6.088667471207123150e-01,-9.645831114573347742e-01,-4.245039267972055552e-01,-5.439107910649774169e-01,-6.658149179892383085e-01,1.800000000000000000e+01,1.800000000000000000e+01
2.334686895622748892e+00,-4.827507087934668206e-01,-5.809434211764783473e-01,-6.218817259086982796e-01,-5.439107910649774169e-01,-6.658149179892383085e-01,2.000000000000000000e+01,2.800000000000000000e+01
4.474550876748622508e-01,-6.088667471207123150e-01,-3.244997779406117444e-01,-5.231928263529519452e-01,-5.439107910649774169e-01,-5.115834767481733936e-01,4.000000000000000000e+01,3.600000000000000000e+01
-1.472413059808963531e-02,-6.088667471207123150e-01,-3.244997779406117444e-01,-4.245039267972055552e-01,-5.439107910649774169e-01,-3.959098958173747351e-01,6.200000000000000000e+01,3.800000000000000000e+01
1.911022612205876436e+00,-6.419463637311373372e-01,-3.244997779406117444e-01,-6.218817259086982796e-01,-5.439107910649774169e-01,-6.658149179892383085e-01,2.400000000000000000e+01,3.400000000000000000e+01
1.911022612205876436e+00,-6.750259803415624704e-01,-8.373870644123448947e-01,-6.218817259086982796e-01,-5.439107910649774169e-01,-6.658149179892383085e-01,2.400000000000000000e+01,1.900000000000000000e+01
-2.458137397345655784e-01,-4.827507087934668206e-01,3.593499373550325116e-01,-2.271261276857128586e-01,-5.439107910649774169e-01,-5.886991973687059065e-01,1.380000000000000000e+02,7.200000000000000000e+01
-1.472413059808963531e-02,-4.827507087934668206e-01,-3.244997779406117444e-01,-6.218817259086982796e-01,-5.439107910649774169e-01,-6.272570576789721075e-01,3.600000000000000000e+01,3.600000000000000000e+01
-3.613585443028035082e-01,-4.827507087934668206e-01,-6.664246355884339001e-01,-2.271261276857128586e-01,-5.439107910649774169e-01,-6.272570576789721075e-01,2.600000000000000000e+01,3.000000000000000000e+01
-3.613585443028035082e-01,-4.827507087934668206e-01,1.742507970721038010e-02,-2.271261276857128586e-01,-5.439107910649774169e-01,-6.272570576789721075e-01,6.000000000000000000e+01,5.600000000000000000e+01
6.230573911406901005e-02,-4.827507087934668206e-01,-3.244997779406117444e-01,-2.271261276857128586e-01,-5.439107910649774169e-01,-6.272570576789721075e-01,7.100000000000000000e+01,4.200000000000000000e+01
2.296171960766669518e+00,-6.750259803415624704e-01,-3.244997779406117444e-01,-6.218817259086982796e-01,-5.439107910649774169e-01,-5.501413370584395945e-01,1.200000000000000000e+01,3.400000000000000000e+01
2.296171960766669518e+00,-6.750259803415624704e-01,-3.244997779406117444e-01,-6.218817259086982796e-01,-5.439107910649774169e-01,-5.501413370584395945e-01,1.400000000000000000e+01,3.400000000000000000e+01
2.296171960766669518e+00,-6.750259803415624704e-01,-3.244997779406117444e-01,-6.218817259086982796e-01,-5.439107910649774169e-01,-5.501413370584395945e-01,2.000000000000000000e+01,3.400000000000000000e+01
2.296171960766669518e+00,-6.750259803415624704e-01,-3.244997779406117444e-01,-6.218817259086982796e-01,-5.439107910649774169e-01,-5.501413370584395945e-01,1.600000000000000000e+01,3.400000000000000000e+01
2.296171960766669518e+00,-6.750259803415624704e-01,-3.244997779406117444e-01,-6.218817259086982796e-01,-5.439107910649774169e-01,-5.501413370584395945e-01,2.200000000000000000e+01,3.400000000000000000e+01
-3.035861420186845572e-01,-6.088667471207123150e-01,-9.228682788243004476e-01,-6.218817259086982796e-01,4.855089855560599243e-01,6.678442790581995414e-02,3.600000000000000000e+01,1.900000000000000000e+01
-4.961608162990811532e-01,-2.243162040245210986e-01,-3.244997779406117444e-01,9.571406669832434044e-01,-5.439107910649774169e-01,7.608259134906120158e-01,1.440000000000000000e+02,7.500000000000000000e+01
-4.961608162990811532e-01,-2.243162040245210986e-01,3.593499373550325116e-01,9.571406669832434044e-01,-5.439107910649774169e-01,7.608259134906120158e-01,1.440000000000000000e+02,1.130000000000000000e+02
-4.961608162990811532e-01,-2.243162040245210986e-01,3.593499373550325116e-01,2.536163059875184977e+00,-5.439107910649774169e-01,7.608259134906120158e-01,2.590000000000000000e+02,1.570000000000000000e+02
-4.383884140149621467e-01,-6.750259803415624704e-01,-9.228682788243004476e-01,-6.218817259086982796e-01,-2.497908548875381329e-01,-3.187941751968422777e-01,1.700000000000000000e+01,1.800000000000000000e+01
-3.806160117308431956e-01,-6.750259803415624704e-01,-8.373870644123448947e-01,-6.218817259086982796e-01,-2.497908548875381329e-01,-3.187941751968422777e-01,2.600000000000000000e+01,2.000000000000000000e+01
-3.806160117308431956e-01,-4.827507087934668206e-01,-6.664246355884339001e-01,-6.218817259086982796e-01,-2.497908548875381329e-01,2.210158691468848413e-01,3.200000000000000000e+01,2.800000000000000000e+01
-3.806160117308431956e-01,-2.243162040245210986e-01,-6.664246355884339001e-01,-4.245039267972055552e-01,-2.497908548875381329e-01,2.822656759555372541e-02,3.200000000000000000e+01,3.300000000000000000e+01
-4.961608162990811532e-01,-2.243162040245210986e-01,-3.244997779406117444e-01,-4.245039267972055552e-01,-2.497908548875381329e-01,2.210158691468848413e-01,6.200000000000000000e+01,4.700000000000000000e+01
-4.961608162990811532e-01,3.411830074442460947e-02,-3.244997779406117444e-01,-4.245039267972055552e-01,-2.497908548875381329e-01,1.146404516593274137e+00,6.400000000000000000e+01,5.400000000000000000e+01
-1.110114677382879333e-01,-6.750259803415624704e-01,-8.373870644123448947e-01,-6.218817259086982796e-01,-2.497908548875381329e-01,2.210158691468848413e-01,2.200000000000000000e+01,2.000000000000000000e+01
3.704252179627035568e-01,-5.427075138998622705e-01,-7.519058500003893419e-01,-6.218817259086982796e-01,1.913890493786206959e-01,2.210158691468848413e-01,3.600000000000000000e+01,2.300000000000000000e+01
3.704252179627035568e-01,-5.427075138998622705e-01,-7.519058500003893419e-01,-4.738483765750787780e-01,1.913890493786206959e-01,2.210158691468848413e-01,4.400000000000000000e+01,2.500000000000000000e+01
3.704252179627035568e-01,-5.427075138998622705e-01,1.742507970721038010e-02,-4.738483765750787780e-01,1.913890493786206959e-01,2.210158691468848413e-01,5.000000000000000000e+01,5.200000000000000000e+01
3.704252179627035568e-01,-5.427075138998622705e-01,-6.236840283824560682e-01,-6.218817259086982796e-01,-5.439107910649774169e-01,2.210158691468848413e-01,4.500000000000000000e+01,2.700000000000000000e+01
3.704252179627035568e-01,-6.419463637311373372e-01,1.742507970721038010e-02,-4.738483765750787780e-01,-5.439107910649774169e-01,2.210158691468848413e-01,5.300000000000000000e+01,5.000000000000000000e+01
3.704252179627035568e-01,-6.915657886467749815e-01,-9.426999205678741056e-01,-4.738483765750787780e-01,1.913890493786206959e-01,2.210158691468848413e-01,3.600000000000000000e+01,1.800000000000000000e+01
-9.175400031024827374e-02,-5.427075138998622705e-01,1.742507970721038010e-02,-4.738483765750787780e-01,-5.439107910649774169e-01,4.909208913187484424e-01,8.400000000000000000e+01,5.300000000000000000e+01
4.859700225309415700e-01,-4.827507087934668206e-01,-7.519058500003893419e-01,-6.218817259086982796e-01,-3.968508229762577333e-01,-5.501413370584395945e-01,1.600000000000000000e+01,2.300000000000000000e+01
3.704252179627035568e-01,-4.827507087934668206e-01,-6.664246355884339001e-01,-4.245039267972055552e-01,-2.497908548875381329e-01,1.763330281557533796e+00,3.800000000000000000e+01,3.000000000000000000e+01
3.704252179627035568e-01,-4.827507087934668206e-01,3.593499373550325116e-01,-4.245039267972055552e-01,-3.968508229762577333e-01,3.614107576450312553e+00,3.800000000000000000e+01,7.300000000000000000e+01
4.859700225309415700e-01,-4.827507087934668206e-01,-8.373870644123448947e-01,-6.218817259086982796e-01,-5.439107910649774169e-01,-6.272570576789721075e-01,1.600000000000000000e+01,2.000000000000000000e+01
4.859700225309415700e-01,-4.827507087934668206e-01,-6.664246355884339001e-01,-6.218817259086982796e-01,-2.497908548875381329e-01,-4.730256164379071926e-01,2.200000000000000000e+01,2.500000000000000000e+01
-2.458137397345655784e-01,-2.243162040245210986e-01,-6.664246355884339001e-01,-6.218817259086982796e-01,-2.497908548875381329e-01,-4.730256164379071926e-01,2.900000000000000000e+01,2.800000000000000000e+01
-2.458137397345655784e-01,-2.243162040245210986e-01,-6.664246355884339001e-01,-6.218817259086982796e-01,-1.027308867988185326e-01,-3.959098958173747351e-01,4.000000000000000000e+01,2.900000000000000000e+01
-2.458137397345655784e-01,-2.243162040245210986e-01,-6.664246355884339001e-01,-4.245039267972055552e-01,-5.439107910649774169e-01,6.678442790581995414e-02,3.500000000000000000e+01,3.200000000000000000e+01
-2.458137397345655784e-01,-2.243162040245210986e-01,1.727049367946321023e+00,1.676294705372725347e-01,-5.439107910649774169e-01,6.678442790581995414e-02,1.340000000000000000e+02,1.750000000000000000e+02
-2.458137397345655784e-01,-2.243162040245210986e-01,-3.244997779406117444e-01,1.676294705372725347e-01,-5.439107910649774169e-01,1.377751678454871564e+00,6.600000000000000000e+01,5.700000000000000000e+01
-2.458137397345655784e-01,-2.243162040245210986e-01,1.727049367946321023e+00,1.676294705372725347e-01,-5.439107910649774169e-01,1.377751678454871564e+00,1.410000000000000000e+02,1.810000000000000000e+02
-2.458137397345655784e-01,-2.243162040245210986e-01,1.727049367946321023e+00,1.676294705372725347e-01,-5.439107910649774169e-01,1.377751678454871564e+00,1.890000000000000000e+02,1.810000000000000000e+02
-2.458137397345655784e-01,-2.243162040245210986e-01,-6.664246355884339001e-01,-4.245039267972055552e-01,-5.439107910649774169e-01,6.678442790581995414e-02,2.200000000000000000e+01,3.200000000000000000e+01
-5.654876990400239389e-01,2.925528055133703176e-01,3.593499373550325116e-01,-5.972095010197616682e-01,1.913890493786206959e-01,-2.416784545763098480e-01,1.320000000000000000e+02,8.200000000000000000e+01
-5.654876990400239389e-01,2.925528055133703176e-01,1.043199652650676823e+00,9.571406669832434044e-01,1.073748857910938437e+00,-8.744701333524494691e-02,2.370000000000000000e+02,1.710000000000000000e+02
-6.848839970938698229e-01,3.393766862740718704e+00,1.727049367946321023e+00,9.571406669832434044e-01,1.661988730265816727e+00,2.210158691468848413e-01,4.650000000000000000e+02,3.610000000000000000e+02
-6.848839970938698229e-01,3.393766862740718704e+00,1.727049367946321023e+00,9.571406669832434044e-01,4.855089855560599243e-01,2.210158691468848413e-01,4.650000000000000000e+02,3.500000000000000000e+02
-6.848839970938698229e-01,1.326290824589153150e+00,1.727049367946321023e+00,-6.218817259086982796e-01,4.855089855560599243e-01,2.210158691468848413e-01,2.770000000000000000e+02,2.200000000000000000e+02
-6.848839970938698229e-01,1.326290824589153150e+00,3.593499373550325116e-01,-6.218817259086982796e-01,4.855089855560599243e-01,-8.744701333524494691e-02,1.850000000000000000e+02,1.130000000000000000e+02
1.063694045372131303e+00,-7.163755011045936927e-01,-9.645831114573347742e-01,-6.218817259086982796e-01,-5.439107910649774169e-01,-6.658149179892383085e-01,6.000000000000000000e+00,1.500000000000000000e+01
-3.169650141265838855e-03,-4.827507087934668206e-01,-8.373870644123448947e-01,-6.218817259086982796e-01,-5.439107910649774169e-01,-5.115834767481733936e-01,2.400000000000000000e+01,2.100000000000000000e+01
-3.421010768747638764e-01,-6.088667471207123150e-01,-4.954622067645227945e-01,-2.271261276857128586e-01,-5.439107910649774169e-01,-4.730256164379071926e-01,4.500000000000000000e+01,3.500000000000000000e+01
3.451620006449048983e+00,-6.088667471207123150e-01,-8.801276716183227267e-01,-6.218817259086982796e-01,-5.439107910649774169e-01,-6.658149179892383085e-01,7.000000000000000000e+00,1.800000000000000000e+01
3.451620006449048983e+00,-5.427075138998622705e-01,-8.373870644123448947e-01,-6.218817259086982796e-01,-5.439107910649774169e-01,-6.658149179892383085e-01,1.300000000000000000e+01,2.000000000000000000e+01
1.525873263645083133e+00,-5.427075138998622705e-01,-8.373870644123448947e-01,-6.218817259086982796e-01,-5.439107910649774169e-01,-6.658149179892383085e-01,1.600000000000000000e+01,2.000000000000000000e+01
7.555745665234967490e-01,-2.243162040245210986e-01,-6.664246355884339001e-01,-6.218817259086982796e-01,-5.439107910649774169e-01,-6.658149179892383085e-01,3.200000000000000000e+01,2.800000000000000000e+01
7.555745665234967490e-01,2.925528055133703176e-01,-3.244997779406117444e-01,-6.218817259086982796e-01,-5.439107910649774169e-01,-6.658149179892383085e-01,3.200000000000000000e+01,4.500000000000000000e+01
2.681321309327462821e+00,-4.827507087934668206e-01,-9.228682788243004476e-01,-6.218817259086982796e-01,-5.439107910649774169e-01,-6.272570576789721075e-01,1.100000000000000000e+01,1.800000000000000000e+01
2.681321309327462821e+00,-6.088667471207123150e-01,-9.228682788243004476e-01,-6.218817259086982796e-01,-5.439107910649774169e-01,-6.272570576789721075e-01,1.100000000000000000e+01,1.700000000000000000e+01
2.681321309327462821e+00,-4.827507087934668206e-01,-6.664246355884339001e-01,-5.231928263529519452e-01,-5.439107910649774169e-01,-6.272570576789721075e-01,1.800000000000000000e+01,2.600000000000000000e+01
2.681321309327462821e+00,-4.827507087934668206e-01,-6.664246355884339001e-01,-4.245039267972055552e-01,-5.439107910649774169e-01,-6.272570576789721075e-01,2.200000000000000000e+01,2.800000000000000000e+01
2.681321309327462821e+00,-2.243162040245210986e-01,-6.664246355884339001e-01,-6.218817259086982796e-01,-2.497908548875381329e-01,-4.730256164379071926e-01,3.700000000000000000e+01,2.800000000000000000e+01
8.156320654210866272e-02,-2.243162040245210986e-01,-6.664246355884339001e-01,-4.245039267972055552e-01,-2.497908548875381329e-01,-4.730256164379071926e-01,4.000000000000000000e+01,3.100000000000000000e+01
8.156320654210866272e-02,-2.243162040245210986e-01,-6.664246355884339001e-01,-4.245039267972055552e-01,-2.497908548875381329e-01,-4.730256164379071926e-01,3.400000000000000000e+01,3.100000000000000000e+01
-9.175400031024827374e-02,-2.243162040245210986e-01,-3.244997779406117444e-01,-4.245039267972055552e-01,-5.439107910649774169e-01,-4.730256164379071926e-01,5.000000000000000000e+01,4.200000000000000000e+01
-7.249653288220861413e-02,-2.243162040245210986e-01,3.593499373550325116e-01,-2.271261276857128586e-01,-5.439107910649774169e-01,-4.730256164379071926e-01,7.600000000000000000e+01,7.600000000000000000e+01
-9.175400031024827374e-02,-2.243162040245210986e-01,3.593499373550325116e-01,-2.271261276857128586e-01,-5.439107910649774169e-01,-4.730256164379071926e-01,6.600000000000000000e+01,7.600000000000000000e+01
8.156320654210866272e-02,-4.827507087934668206e-01,-6.664246355884339001e-01,-5.725372761308250569e-01,-2.497908548875381329e-01,-4.730256164379071926e-01,2.400000000000000000e+01,2.600000000000000000e+01
-6.887354905794778048e-01,-2.243162040245210986e-01,1.742507970721038010e-02,-4.245039267972055552e-01,-5.439107910649774169e-01,-5.501413370584395945e-01,4.900000000000000000e+01,5.900000000000000000e+01
-6.887354905794778048e-01,-2.243162040245210986e-01,1.742507970721038010e-02,-2.271261276857128586e-01,-2.497908548875381329e-01,-5.115834767481733936e-01,6.600000000000000000e+01,6.500000000000000000e+01
-7.195474384643412158e-01,2.925528055133703176e-01,3.593499373550325116e-01,-4.245039267972055552e-01,1.913890493786206959e-01,-2.416784545763098480e-01,1.000000000000000000e+02,1.010000000000000000e+02
-7.195474384643412158e-01,2.925528055133703176e-01,3.593499373550325116e-01,1.676294705372725347e-01,1.913890493786206959e-01,-2.416784545763098480e-01,1.330000000000000000e+02,1.160000000000000000e+02
4.992217400692222640e+00,-5.427075138998622705e-01,-9.228682788243004476e-01,-6.218817259086982796e-01,-6.909707591536969895e-01,-7.043727782995045095e-01,1.200000000000000000e+01,1.800000000000000000e+01
4.992217400692222640e+00,-5.427075138998622705e-01,-8.373870644123448947e-01,-6.218817259086982796e-01,-6.909707591536969895e-01,-7.043727782995045095e-01,1.800000000000000000e+01,2.000000000000000000e+01
2.296171960766669518e+00,-5.427075138998622705e-01,-8.373870644123448947e-01,-6.218817259086982796e-01,-6.909707591536969895e-01,-7.043727782995045095e-01,2.000000000000000000e+01,2.000000000000000000e+01
-5.924481534392794790e-01,-2.243162040245210986e-01,-6.664246355884339001e-01,-6.218817259086982796e-01,-2.497908548875381329e-01,-4.730256164379071926e-01,2.700000000000000000e+01,3.000000000000000000e+01
-5.924481534392794790e-01,-2.243162040245210986e-01,-3.244997779406117444e-01,-4.245039267972055552e-01,-2.497908548875381329e-01,-4.730256164379071926e-01,4.500000000000000000e+01,4.400000000000000000e+01
-5.924481534392794790e-01,-2.243162040245210986e-01,-3.244997779406117444e-01,-4.245039267972055552e-01,-5.439107910649774169e-01,-4.730256164379071926e-01,5.600000000000000000e+01,4.400000000000000000e+01
-5.924481534392794790e-01,-2.243162040245210986e-01,3.593499373550325116e-01,-2.974832857422016197e-02,-5.439107910649774169e-01,-4.730256164379071926e-01,7.000000000000000000e+01,8.200000000000000000e+01
-5.924481534392794790e-01,-2.243162040245210986e-01,3.593499373550325116e-01,-2.974832857422016197e-02,-5.439107910649774169e-01,-4.730256164379071926e-01,8.000000000000000000e+01,8.200000000000000000e+01
-5.924481534392794790e-01,1.326290824589153150e+00,3.593499373550325116e-01,5.623850687602579557e-01,-5.439107910649774169e-01,-3.187941751968422777e-01,1.360000000000000000e+02,1.280000000000000000e+02
-3.998734791588828275e-01,-4.827507087934668206e-01,-3.244997779406117444e-01,-6.218817259086982796e-01,-3.968508229762577333e-01,-4.730256164379071926e-01,1.600000000000000000e+01,3.700000000000000000e+01
-3.998734791588828275e-01,-4.827507087934668206e-01,-3.244997779406117444e-01,-2.974832857422016197e-02,-3.968508229762577333e-01,-4.730256164379071926e-01,2.600000000000000000e+01,4.600000000000000000e+01
-3.998734791588828275e-01,-4.827507087934668206e-01,-3.244997779406117444e-01,-2.974832857422016197e-02,-2.497908548875381329e-01,-4.730256164379071926e-01,3.200000000000000000e+01,4.600000000000000000e+01
-5.924481534392794790e-01,-2.243162040245210986e-01,3.593499373550325116e-01,-3.258150272414592208e-01,-2.497908548875381329e-01,-8.744701333524494691e-02,4.500000000000000000e+01,8.000000000000000000e+01
-5.924481534392794790e-01,-2.243162040245210986e-01,3.593499373550325116e-01,-2.974832857422016197e-02,1.913890493786206959e-01,-8.744701333524494691e-02,5.400000000000000000e+01,8.800000000000000000e+01
-5.924481534392794790e-01,-2.243162040245210986e-01,3.593499373550325116e-01,-2.974832857422016197e-02,1.913890493786206959e-01,-8.744701333524494691e-02,6.500000000000000000e+01,8.800000000000000000e+01
-2.072988048784862314e-01,-6.088667471207123150e-01,-6.664246355884339001e-01,-6.218817259086982796e-01,4.855089855560599243e-01,4.231033341414572213e+00,3.000000000000000000e+01,3.300000000000000000e+01
-3.421010768747638764e-01,-2.243162040245210986e-01,-3.244997779406117444e-01,-2.271261276857128586e-01,-5.439107910649774169e-01,-5.886991973687059065e-01,5.000000000000000000e+01,4.600000000000000000e+01
-3.421010768747638764e-01,-2.243162040245210986e-01,-6.664246355884339001e-01,-5.725372761308250569e-01,-5.439107910649774169e-01,-5.115834767481733936e-01,4.000000000000000000e+01,2.900000000000000000e+01
-4.306854270437462939e-01,-2.243162040245210986e-01,-3.244997779406117444e-01,1.676294705372725347e-01,-5.439107910649774169e-01,-4.730256164379071926e-01,6.200000000000000000e+01,5.300000000000000000e+01
-4.306854270437462939e-01,-2.243162040245210986e-01,-3.244997779406117444e-01,1.676294705372725347e-01,-5.439107910649774169e-01,-4.730256164379071926e-01,6.000000000000000000e+01,5.300000000000000000e+01
-4.306854270437462939e-01,-2.243162040245210986e-01,-3.244997779406117444e-01,-5.231928263529519452e-01,-5.439107910649774169e-01,-4.730256164379071926e-01,5.000000000000000000e+01,4.100000000000000000e+01
-4.961608162990811532e-01,2.925528055133703176e-01,3.593499373550325116e-01,-2.271261276857128586e-01,-5.439107910649774169e-01,-4.730256164379071926e-01,6.600000000000000000e+01,8.600000000000000000e+01
-5.539332185832001043e-01,2.925528055133703176e-01,3.593499373550325116e-01,1.676294705372725347e-01,-5.439107910649774169e-01,-4.730256164379071926e-01,8.600000000000000000e+01,9.500000000000000000e+01
-5.539332185832001043e-01,-2.243162040245210986e-01,3.593499373550325116e-01,9.571406669832434044e-01,4.432908128990108165e-02,-3.959098958173747351e-01,7.400000000000000000e+01,1.070000000000000000e+02
-5.539332185832001043e-01,2.925528055133703176e-01,3.593499373550325116e-01,9.571406669832434044e-01,4.432908128990108165e-02,-3.959098958173747351e-01,9.300000000000000000e+01,1.170000000000000000e+02
-5.924481534392794790e-01,2.925528055133703176e-01,3.593499373550325116e-01,9.571406669832434044e-01,4.432908128990108165e-02,-3.187941751968422777e-01,1.110000000000000000e+02,1.190000000000000000e+02
-5.077152967559049879e-01,2.925528055133703176e-01,3.593499373550325116e-01,9.571406669832434044e-01,4.855089855560599243e-01,-8.744701333524494691e-02,1.430000000000000000e+02,1.200000000000000000e+02
-5.077152967559049879e-01,-2.243162040245210986e-01,-3.244997779406117444e-01,-2.271261276857128586e-01,1.913890493786206959e-01,-3.959098958173747351e-01,1.050000000000000000e+02,4.800000000000000000e+01
-6.309630882953587427e-01,1.326290824589153150e+00,3.593499373550325116e-01,1.676294705372725347e-01,4.855089855560599243e-01,-8.744701333524494691e-02,2.140000000000000000e+02,1.260000000000000000e+02
-6.309630882953587427e-01,1.326290824589153150e+00,1.727049367946321023e+00,9.571406669832434044e-01,4.855089855560599243e-01,2.210158691468848413e-01,2.770000000000000000e+02,2.660000000000000000e+02
-6.502205557233984301e-01,1.326290824589153150e+00,1.727049367946321023e+00,9.571406669832434044e-01,4.855089855560599243e-01,2.210158691468848413e-01,3.700000000000000000e+02,2.700000000000000000e+02
-6.386660752665745955e-01,3.393766862740718704e+00,1.727049367946321023e+00,2.536163059875184977e+00,1.661988730265816727e+00,5.294787516290146989e-01,5.100000000000000000e+02,4.260000000000000000e+02
-6.001511404104953318e-01,2.925528055133703176e-01,1.043199652650676823e+00,1.676294705372725347e-01,4.855089855560599243e-01,2.210158691468848413e-01,2.140000000000000000e+02,1.510000000000000000e+02
-6.386660752665745955e-01,1.326290824589153150e+00,1.727049367946321023e+00,9.571406669832434044e-01,4.855089855560599243e-01,2.210158691468848413e-01,3.260000000000000000e+02,2.670000000000000000e+02
-6.694780231514381175e-01,3.393766862740718704e+00,1.727049367946321023e+00,5.694207845659068568e+00,1.661988730265816727e+00,2.210158691468848413e-01,5.100000000000000000e+02,6.030000000000000000e+02
-3.536555573315876555e-01,-4.827507087934668206e-01,-9.228682788243004476e-01,-6.218817259086982796e-01,-5.439107910649774169e-01,-5.501413370584395945e-01,8.000000000000000000e+00,1.900000000000000000e+01
-4.614973749286097604e-01,-4.827507087934668206e-01,-8.373870644123448947e-01,-6.218817259086982796e-01,-5.439107910649774169e-01,-4.730256164379071926e-01,1.200000000000000000e+01,2.100000000000000000e+01
-5.693391925256319208e-01,-4.827507087934668206e-01,-6.664246355884339001e-01,-6.218817259086982796e-01,-5.439107910649774169e-01,-4.730256164379071926e-01,1.700000000000000000e+01,2.600000000000000000e+01
-5.693391925256319208e-01,-2.243162040245210986e-01,-4.954622067645227945e-01,-6.218817259086982796e-01,-5.439107910649774169e-01,-3.959098958173747351e-01,2.100000000000000000e+01,3.500000000000000000e+01
-5.693391925256319208e-01,-2.243162040245210986e-01,-3.244997779406117444e-01,-6.218817259086982796e-01,-5.439107910649774169e-01,-3.959098958173747351e-01,2.400000000000000000e+01,4.100000000000000000e+01
-5.693391925256319208e-01,2.925528055133703176e-01,-3.244997779406117444e-01,-6.218817259086982796e-01,-5.439107910649774169e-01,-3.959098958173747351e-01,3.400000000000000000e+01,4.700000000000000000e+01
-5.693391925256319208e-01,2.925528055133703176e-01,1.742507970721038010e-02,-6.218817259086982796e-01,-5.439107910649774169e-01,-3.959098958173747351e-01,4.200000000000000000e+01,6.200000000000000000e+01
-5.693391925256319208e-01,2.925528055133703176e-01,3.593499373550325116e-01,-6.218817259086982796e-01,-5.439107910649774169e-01,-3.959098958173747351e-01,4.600000000000000000e+01,7.800000000000000000e+01
-6.386660752665745955e-01,2.925528055133703176e-01,-3.244997779406117444e-01,1.676294705372725347e-01,1.661988730265816727e+00,5.294787516290146989e-01,5.100000000000000000e+01,8.000000000000000000e+01
-6.386660752665745955e-01,2.925528055133703176e-01,-3.244997779406117444e-01,1.676294705372725347e-01,1.661988730265816727e+00,5.294787516290146989e-01,1.160000000000000000e+02,8.000000000000000000e+01
-6.386660752665745955e-01,1.326290824589153150e+00,3.593499373550325116e-01,9.571406669832434044e-01,-1.027308867988185326e-01,-3.959098958173747351e-01,1.000000000000000000e+02,1.420000000000000000e+02
-6.386660752665745955e-01,1.326290824589153150e+00,1.043199652650676823e+00,3.325674256321155653e+00,-1.027308867988185326e-01,-3.959098958173747351e-01,1.400000000000000000e+02,2.810000000000000000e+02
-6.386660752665745955e-01,2.925528055133703176e-01,3.593499373550325116e-01,2.536163059875184977e+00,1.661988730265816727e+00,5.294787516290146989e-01,2.120000000000000000e+02,1.900000000000000000e+02
-1.472413059808963531e-02,-4.827507087934668206e-01,-8.373870644123448947e-01,-6.218817259086982796e-01,-5.439107910649774169e-01,-6.272570576789721075e-01,2.500000000000000000e+01,2.100000000000000000e+01
-1.472413059808963531e-02,-4.827507087934668206e-01,-6.664246355884339001e-01,-6.218817259086982796e-01,-5.439107910649774169e-01,-5.501413370584395945e-01,3.000000000000000000e+01,2.500000000000000000e+01
-1.472413059808963531e-02,-2.243162040245210986e-01,-3.244997779406117444e-01,9.571406669832434044e-01,-5.439107910649774169e-01,-5.115834767481733936e-01,4.100000000000000000e+01,6.700000000000000000e+01
1.778505436823069608e-01,-6.088667471207123150e-01,-6.664246355884339001e-01,-6.218817259086982796e-01,-5.439107910649774169e-01,-4.344677561276409916e-01,2.500000000000000000e+01,2.400000000000000000e+01
1.778505436823069608e-01,-6.088667471207123150e-01,-6.664246355884339001e-01,-6.218817259086982796e-01,-1.027308867988185326e-01,-4.344677561276409916e-01,5.000000000000000000e+01,2.400000000000000000e+01
1.778505436823069608e-01,-4.827507087934668206e-01,3.593499373550325116e-01,-5.972095010197616682e-01,-5.439107910649774169e-01,-3.959098958173747351e-01,5.000000000000000000e+01,6.400000000000000000e+01
-1.687838700224069122e-01,-6.088667471207123150e-01,-6.664246355884339001e-01,-5.725372761308250569e-01,-5.439107910649774169e-01,-5.115834767481733936e-01,3.000000000000000000e+01,2.500000000000000000e+01
-1.687838700224069122e-01,-6.088667471207123150e-01,-8.373870644123448947e-01,-5.725372761308250569e-01,-2.497908548875381329e-01,-3.959098958173747351e-01,3.200000000000000000e+01,2.000000000000000000e+01
-1.687838700224069122e-01,-4.827507087934668206e-01,-6.664246355884339001e-01,-4.245039267972055552e-01,-5.439107910649774169e-01,-1.645627339557773905e-01,3.800000000000000000e+01,2.900000000000000000e+01
-1.687838700224069122e-01,-4.827507087934668206e-01,-3.244997779406117444e-01,-2.271261276857128586e-01,-5.439107910649774169e-01,-1.645627339557773905e-01,6.000000000000000000e+01,4.300000000000000000e+01
-1.687838700224069122e-01,-2.243162040245210986e-01,-3.244997779406117444e-01,1.676294705372725347e-01,-5.439107910649774169e-01,-2.031205942660436192e-01,1.090000000000000000e+02,5.300000000000000000e+01
1.393356088262276415e-01,-6.088667471207123150e-01,-9.228682788243004476e-01,-4.245039267972055552e-01,-5.439107910649774169e-01,-5.886991973687059065e-01,6.000000000000000000e+00,1.900000000000000000e+01
1.393356088262276415e-01,-6.088667471207123150e-01,-8.373870644123448947e-01,-4.245039267972055552e-01,-5.439107910649774169e-01,-5.115834767481733936e-01,1.100000000000000000e+01,2.200000000000000000e+01
-3.806160117308431956e-01,-2.243162040245210986e-01,-6.664246355884339001e-01,-4.245039267972055552e-01,-2.497908548875381329e-01,-3.959098958173747351e-01,2.200000000000000000e+01,3.100000000000000000e+01
-3.806160117308431956e-01,-2.243162040245210986e-01,-4.954622067645227945e-01,-2.271261276857128586e-01,1.913890493786206959e-01,-8.744701333524494691e-02,3.300000000000000000e+01,4.100000000000000000e+01
-3.806160117308431956e-01,-2.243162040245210986e-01,-3.244997779406117444e-01,-2.271261276857128586e-01,-1.027308867988185326e-01,-1.645627339557773905e-01,5.800000000000000000e+01,4.700000000000000000e+01
-5.847451664680636263e-01,2.925528055133703176e-01,3.593499373550325116e-01,1.676294705372725347e-01,-1.027308867988185326e-01,-2.416784545763098480e-01,1.300000000000000000e+02,9.900000000000000000e+01
-5.154182837271208406e-01,2.925528055133703176e-01,1.742507970721038010e-02,-4.245039267972055552e-01,1.913890493786206959e-01,-3.959098958173747351e-01,7.500000000000000000e+01,6.700000000000000000e+01
-5.577847120688080862e-01,2.925528055133703176e-01,1.742507970721038010e-02,1.676294705372725347e-01,1.913890493786206959e-01,-2.416784545763098480e-01,1.130000000000000000e+02,8.100000000000000000e+01
-5.577847120688080862e-01,1.326290824589153150e+00,3.593499373550325116e-01,9.571406669832434044e-01,1.073748857910938437e+00,2.210158691468848413e-01,1.880000000000000000e+02,1.490000000000000000e+02
-6.848839970938698229e-01,1.326290824589153150e+00,1.043199652650676823e+00,1.676294705372725347e-01,4.855089855560599243e-01,-8.744701333524494691e-02,1.730000000000000000e+02,1.830000000000000000e+02
-6.848839970938698229e-01,1.326290824589153150e+00,1.727049367946321023e+00,9.571406669832434044e-01,1.073748857910938437e+00,-8.744701333524494691e-02,2.480000000000000000e+02,2.750000000000000000e+02
-6.848839970938698229e-01,1.326290824589153150e+00,1.727049367946321023e+00,2.536163059875184977e+00,2.838468474975574196e+00,5.294787516290146989e-01,4.050000000000000000e+02,3.820000000000000000e+02
-3.382495833891559500e-01,-2.243162040245210986e-01,-3.244997779406117444e-01,1.676294705372725347e-01,4.432908128990108165e-02,3.752473103879497285e-01,7.000000000000000000e+01,5.600000000000000000e+01
-5.924481534392794790e-01,-2.243162040245210986e-01,1.727049367946321023e+00,-2.974832857422016197e-02,1.913890493786206959e-01,2.981315897674172710e-01,1.140000000000000000e+02,1.820000000000000000e+02
-5.924481534392794790e-01,-2.243162040245210986e-01,1.727049367946321023e+00,5.623850687602579557e-01,3.132588411153013119e+00,1.300635957834339163e+00,2.080000000000000000e+02,2.270000000000000000e+02
-5.924481534392794790e-01,-2.243162040245210986e-01,1.727049367946321023e+00,2.141407461652199640e+00,6.956147581459723561e+00,3.305644693968182501e+00,3.070000000000000000e+02,3.410000000000000000e+02
-5.924481534392794790e-01,2.925528055133703176e-01,1.727049367946321023e+00,2.141407461652199640e+00,6.956147581459723561e+00,3.305644693968182501e+00,3.970000000000000000e+02,3.600000000000000000e+02
-6.694780231514381175e-01,1.326290824589153150e+00,4.462448229128898269e+00,1.746651863429214080e+00,1.073748857910938437e+00,6.081810636307350748e+00,9.150000000000000000e+02,9.190000000000000000e+02
-6.694780231514381175e-01,1.326290824589153150e+00,4.462448229128898269e+00,2.536163059875184977e+00,1.073748857910938437e+00,6.081810636307350748e+00,1.150000000000000000e+03,9.780000000000000000e+02
-9.175400031024827374e-02,-6.734753733129487108e-01,-6.664246355884339001e-01,-6.218817259086982796e-01,-5.439107910649774169e-01,-5.886991973687059065e-01,1.200000000000000000e+01,2.400000000000000000e+01
-9.175400031024827374e-02,-6.088667471207123150e-01,-6.664246355884339001e-01,-6.218817259086982796e-01,-5.439107910649774169e-01,-5.886991973687059065e-01,1.400000000000000000e+01,2.400000000000000000e+01
-9.175400031024827374e-02,-6.734753733129487108e-01,-6.664246355884339001e-01,-6.218817259086982796e-01,-5.439107910649774169e-01,-5.886991973687059065e-01,1.800000000000000000e+01,2.400000000000000000e+01
-9.175400031024827374e-02,-6.088667471207123150e-01,-6.664246355884339001e-01,-6.218817259086982796e-01,-5.439107910649774169e-01,-5.886991973687059065e-01,2.100000000000000000e+01,2.400000000000000000e+01
-3.074376355042924835e-01,-4.827507087934668206e-01,-3.244997779406117444e-01,-6.218817259086982796e-01,-5.439107910649774169e-01,-3.959098958173747351e-01,4.200000000000000000e+01,3.700000000000000000e+01
-4.075764661300987357e-01,-4.827507087934668206e-01,-3.244997779406117444e-01,1.676294705372725347e-01,-3.968508229762577333e-01,-3.959098958173747351e-01,4.600000000000000000e+01,5.000000000000000000e+01
-3.035861420186845572e-01,-2.243162040245210986e-01,-3.244997779406117444e-01,-6.218817259086982796e-01,-3.968508229762577333e-01,-1.645627339557773905e-01,5.200000000000000000e+01,4.100000000000000000e+01
1.063694045372131303e+00,-6.088667471207123150e-01,-3.244997779406117444e-01,1.676294705372725347e-01,-6.909707591536969895e-01,-7.043727782995045095e-01,6.700000000000000000e+01,4.700000000000000000e+01
1.063694045372131303e+00,-4.827507087934668206e-01,-6.664246355884339001e-01,-6.218817259086982796e-01,-6.909707591536969895e-01,-7.043727782995045095e-01,4.500000000000000000e+01,2.500000000000000000e+01
